contig_id	contig_length	total_genes	viral_genes	host_genes	provirus	proviral_length	host_length	region_types	region_lengths	region_coords_bp	region_coords_genes	region_viral_genes	region_host_genes
contig_1	2568	5	2	0	No	NA	NA	NA	NA	NA	NA	NA	NA
contig_1002	1736	1	0	0	No	NA	NA	NA	NA	NA	NA	NA	NA
contig_1003	1842	4	0	0	No	NA	NA	NA	NA	NA	NA	NA	NA
contig_1004	2316	5	1	0	No	NA	NA	NA	NA	NA	NA	NA	NA
contig_1005	2675	6	4	0	No	NA	NA	NA	NA	NA	NA	NA	NA
contig_1006	43357	58	9	0	No	NA	NA	NA	NA	NA	NA	NA	NA
contig_1007	36319	84	21	0	No	NA	NA	NA	NA	NA	NA	NA	NA
contig_1008	2228	4	0	0	No	NA	NA	NA	NA	NA	NA	NA	NA
contig_1009	2645	6	1	0	No	NA	NA	NA	NA	NA	NA	NA	NA
contig_101	18777	34	8	0	No	NA	NA	NA	NA	NA	NA	NA	NA
contig_1010	14766	26	4	0	No	NA	NA	NA	NA	NA	NA	NA	NA
contig_1011	7212	11	3	0	No	NA	NA	NA	NA	NA	NA	NA	NA
contig_1012	5344	13	1	0	No	NA	NA	NA	NA	NA	NA	NA	NA
contig_1013	3407	5	0	0	No	NA	NA	NA	NA	NA	NA	NA	NA
contig_1015	9475	16	1	0	No	NA	NA	NA	NA	NA	NA	NA	NA
contig_1016	5614	14	6	0	No	NA	NA	NA	NA	NA	NA	NA	NA
contig_1017	5706	11	6	0	No	NA	NA	NA	NA	NA	NA	NA	NA
contig_1019	29669	49	7	0	No	NA	NA	NA	NA	NA	NA	NA	NA
contig_102	16498	25	0	0	No	NA	NA	NA	NA	NA	NA	NA	NA
contig_1020	13312	23	6	0	No	NA	NA	NA	NA	NA	NA	NA	NA
contig_1021	15099	28	2	0	No	NA	NA	NA	NA	NA	NA	NA	NA
contig_1022	8047	17	7	0	No	NA	NA	NA	NA	NA	NA	NA	NA
contig_1023	2687	4	1	0	No	NA	NA	NA	NA	NA	NA	NA	NA
contig_1024	14400	32	5	0	No	NA	NA	NA	NA	NA	NA	NA	NA
contig_1025	2302	4	1	0	No	NA	NA	NA	NA	NA	NA	NA	NA
contig_1026	16895	31	10	0	No	NA	NA	NA	NA	NA	NA	NA	NA
contig_1027	6838	10	1	0	No	NA	NA	NA	NA	NA	NA	NA	NA
contig_1028	23869	47	0	1	No	NA	NA	NA	NA	NA	NA	NA	NA
contig_1029	8033	12	5	0	No	NA	NA	NA	NA	NA	NA	NA	NA
contig_103	16445	27	6	0	No	NA	NA	NA	NA	NA	NA	NA	NA
contig_1030	2846	4	0	0	No	NA	NA	NA	NA	NA	NA	NA	NA
contig_1031	18289	40	2	0	No	NA	NA	NA	NA	NA	NA	NA	NA
contig_1032	12196	17	7	0	No	NA	NA	NA	NA	NA	NA	NA	NA
contig_1033	15904	31	9	0	No	NA	NA	NA	NA	NA	NA	NA	NA
contig_1034	18402	44	7	0	No	NA	NA	NA	NA	NA	NA	NA	NA
contig_1035	4478	8	0	0	No	NA	NA	NA	NA	NA	NA	NA	NA
contig_1036	6924	10	1	0	No	NA	NA	NA	NA	NA	NA	NA	NA
contig_1037	38696	66	2	0	No	NA	NA	NA	NA	NA	NA	NA	NA
contig_1038	10788	23	0	0	No	NA	NA	NA	NA	NA	NA	NA	NA
contig_104	16758	28	9	0	No	NA	NA	NA	NA	NA	NA	NA	NA
contig_1040	14240	24	2	0	No	NA	NA	NA	NA	NA	NA	NA	NA
contig_1041	2357	4	1	0	No	NA	NA	NA	NA	NA	NA	NA	NA
contig_1042	36454	64	11	0	No	NA	NA	NA	NA	NA	NA	NA	NA
contig_1045	3312	5	2	0	No	NA	NA	NA	NA	NA	NA	NA	NA
contig_1046	12857	22	5	0	No	NA	NA	NA	NA	NA	NA	NA	NA
contig_1047	3494	5	1	0	No	NA	NA	NA	NA	NA	NA	NA	NA
contig_1048	13007	28	4	0	No	NA	NA	NA	NA	NA	NA	NA	NA
contig_1049	2310	5	0	0	No	NA	NA	NA	NA	NA	NA	NA	NA
contig_105	29683	68	19	0	No	NA	NA	NA	NA	NA	NA	NA	NA
contig_1050	4930	11	0	0	No	NA	NA	NA	NA	NA	NA	NA	NA
contig_1051	8144	14	3	0	No	NA	NA	NA	NA	NA	NA	NA	NA
contig_1052	12060	25	4	0	No	NA	NA	NA	NA	NA	NA	NA	NA
contig_1054	50858	97	11	0	No	NA	NA	NA	NA	NA	NA	NA	NA
contig_1055	12907	17	3	0	No	NA	NA	NA	NA	NA	NA	NA	NA
contig_1056	3659	7	1	0	No	NA	NA	NA	NA	NA	NA	NA	NA
contig_1057	35778	76	11	0	No	NA	NA	NA	NA	NA	NA	NA	NA
contig_1058	17568	23	2	0	No	NA	NA	NA	NA	NA	NA	NA	NA
contig_1059	10854	18	1	0	No	NA	NA	NA	NA	NA	NA	NA	NA
contig_1061	6389	12	1	0	No	NA	NA	NA	NA	NA	NA	NA	NA
contig_1062	50552	88	5	0	No	NA	NA	NA	NA	NA	NA	NA	NA
contig_1063	2306	6	0	0	No	NA	NA	NA	NA	NA	NA	NA	NA
contig_1064	10968	14	0	0	No	NA	NA	NA	NA	NA	NA	NA	NA
contig_1065	9822	17	1	0	No	NA	NA	NA	NA	NA	NA	NA	NA
contig_1066	5137	12	6	0	No	NA	NA	NA	NA	NA	NA	NA	NA
contig_1067	7307	14	6	0	No	NA	NA	NA	NA	NA	NA	NA	NA
contig_1068	2239	4	2	0	No	NA	NA	NA	NA	NA	NA	NA	NA
contig_1069	11966	29	0	0	No	NA	NA	NA	NA	NA	NA	NA	NA
contig_107	1520	3	0	0	No	NA	NA	NA	NA	NA	NA	NA	NA
contig_1070	2758	4	2	0	No	NA	NA	NA	NA	NA	NA	NA	NA
contig_1075	1057	4	0	0	No	NA	NA	NA	NA	NA	NA	NA	NA
contig_1077	2046	5	1	0	No	NA	NA	NA	NA	NA	NA	NA	NA
contig_1079	15032	25	0	0	No	NA	NA	NA	NA	NA	NA	NA	NA
contig_108	16635	47	7	0	No	NA	NA	NA	NA	NA	NA	NA	NA
contig_1080	14146	24	5	0	No	NA	NA	NA	NA	NA	NA	NA	NA
contig_1081	20092	39	14	0	No	NA	NA	NA	NA	NA	NA	NA	NA
contig_1082	15906	21	13	0	No	NA	NA	NA	NA	NA	NA	NA	NA
contig_1083	10940	17	14	0	No	NA	NA	NA	NA	NA	NA	NA	NA
contig_1084	11038	16	9	0	No	NA	NA	NA	NA	NA	NA	NA	NA
contig_1085	2357	6	1	0	No	NA	NA	NA	NA	NA	NA	NA	NA
contig_1086	9069	14	1	0	No	NA	NA	NA	NA	NA	NA	NA	NA
contig_1087	16341	29	4	0	No	NA	NA	NA	NA	NA	NA	NA	NA
contig_1088	15786	21	12	0	No	NA	NA	NA	NA	NA	NA	NA	NA
contig_1089	11085	16	2	0	No	NA	NA	NA	NA	NA	NA	NA	NA
contig_109	15785	43	6	0	No	NA	NA	NA	NA	NA	NA	NA	NA
contig_1092	32186	49	8	0	No	NA	NA	NA	NA	NA	NA	NA	NA
contig_1095	23180	53	15	0	No	NA	NA	NA	NA	NA	NA	NA	NA
contig_1096	65151	120	18	0	No	NA	NA	NA	NA	NA	NA	NA	NA
contig_1097	14525	24	2	0	No	NA	NA	NA	NA	NA	NA	NA	NA
contig_1098	7500	9	0	0	No	NA	NA	NA	NA	NA	NA	NA	NA
contig_1099	12200	29	2	0	No	NA	NA	NA	NA	NA	NA	NA	NA
contig_110	33382	60	14	0	No	NA	NA	NA	NA	NA	NA	NA	NA
contig_1100	2768	7	0	0	No	NA	NA	NA	NA	NA	NA	NA	NA
contig_1101	31229	51	8	0	No	NA	NA	NA	NA	NA	NA	NA	NA
contig_1102	6228	8	1	0	No	NA	NA	NA	NA	NA	NA	NA	NA
contig_1103	7494	13	1	0	No	NA	NA	NA	NA	NA	NA	NA	NA
contig_1104	15323	31	4	0	No	NA	NA	NA	NA	NA	NA	NA	NA
contig_1105	4625	9	0	0	No	NA	NA	NA	NA	NA	NA	NA	NA
contig_1106	4836	14	1	0	No	NA	NA	NA	NA	NA	NA	NA	NA
contig_1107	36946	62	6	0	No	NA	NA	NA	NA	NA	NA	NA	NA
contig_111	21074	36	5	0	No	NA	NA	NA	NA	NA	NA	NA	NA
contig_1110	8026	13	9	0	No	NA	NA	NA	NA	NA	NA	NA	NA
contig_1111	31091	50	11	0	No	NA	NA	NA	NA	NA	NA	NA	NA
contig_1113	2391	3	1	0	No	NA	NA	NA	NA	NA	NA	NA	NA
contig_1114	6123	11	0	0	No	NA	NA	NA	NA	NA	NA	NA	NA
contig_1115	13060	19	2	0	No	NA	NA	NA	NA	NA	NA	NA	NA
contig_1116	46540	70	3	0	No	NA	NA	NA	NA	NA	NA	NA	NA
contig_1117	4765	6	2	0	No	NA	NA	NA	NA	NA	NA	NA	NA
contig_1118	21402	39	10	0	No	NA	NA	NA	NA	NA	NA	NA	NA
contig_1119	28019	45	3	0	No	NA	NA	NA	NA	NA	NA	NA	NA
contig_112	7845	17	0	0	No	NA	NA	NA	NA	NA	NA	NA	NA
contig_1120	1227	3	0	0	No	NA	NA	NA	NA	NA	NA	NA	NA
contig_1129	6485	13	0	0	No	NA	NA	NA	NA	NA	NA	NA	NA
contig_113	6409	13	0	0	No	NA	NA	NA	NA	NA	NA	NA	NA
contig_1130	4205	8	2	0	No	NA	NA	NA	NA	NA	NA	NA	NA
contig_1131	51372	104	16	1	No	NA	NA	NA	NA	NA	NA	NA	NA
contig_1132	2610	4	2	0	No	NA	NA	NA	NA	NA	NA	NA	NA
contig_1133	2613	5	1	0	No	NA	NA	NA	NA	NA	NA	NA	NA
contig_1134	23082	51	3	0	No	NA	NA	NA	NA	NA	NA	NA	NA
contig_1135	3167	6	2	0	No	NA	NA	NA	NA	NA	NA	NA	NA
contig_1136	37294	58	25	0	No	NA	NA	NA	NA	NA	NA	NA	NA
contig_1137	4224	8	2	0	No	NA	NA	NA	NA	NA	NA	NA	NA
contig_1138	1247	1	0	0	No	NA	NA	NA	NA	NA	NA	NA	NA
contig_1139	6822	14	4	0	No	NA	NA	NA	NA	NA	NA	NA	NA
contig_114	16419	32	3	1	No	NA	NA	NA	NA	NA	NA	NA	NA
contig_1140	8555	19	2	0	No	NA	NA	NA	NA	NA	NA	NA	NA
contig_1141	8793	11	1	0	No	NA	NA	NA	NA	NA	NA	NA	NA
contig_1142	3414	6	0	0	No	NA	NA	NA	NA	NA	NA	NA	NA
contig_1143	3012	7	0	0	No	NA	NA	NA	NA	NA	NA	NA	NA
contig_1144	7364	12	1	0	No	NA	NA	NA	NA	NA	NA	NA	NA
contig_1145	4604	13	0	0	No	NA	NA	NA	NA	NA	NA	NA	NA
contig_1146	5265	9	0	0	No	NA	NA	NA	NA	NA	NA	NA	NA
contig_1147	2235	8	1	0	No	NA	NA	NA	NA	NA	NA	NA	NA
contig_1148	15547	25	2	0	No	NA	NA	NA	NA	NA	NA	NA	NA
contig_115	3964	11	0	0	No	NA	NA	NA	NA	NA	NA	NA	NA
contig_1151	16042	23	2	0	No	NA	NA	NA	NA	NA	NA	NA	NA
contig_1152	3042	2	0	0	No	NA	NA	NA	NA	NA	NA	NA	NA
contig_1153	13553	14	0	0	No	NA	NA	NA	NA	NA	NA	NA	NA
contig_1154	12314	18	1	0	No	NA	NA	NA	NA	NA	NA	NA	NA
contig_1155	27817	43	10	0	No	NA	NA	NA	NA	NA	NA	NA	NA
contig_1156	10038	19	1	0	No	NA	NA	NA	NA	NA	NA	NA	NA
contig_1157	48870	82	12	1	No	NA	NA	NA	NA	NA	NA	NA	NA
contig_1158	3212	6	0	0	No	NA	NA	NA	NA	NA	NA	NA	NA
contig_1159	42592	79	3	0	No	NA	NA	NA	NA	NA	NA	NA	NA
contig_116	2724	7	0	0	No	NA	NA	NA	NA	NA	NA	NA	NA
contig_1160	30024	56	9	1	No	NA	NA	NA	NA	NA	NA	NA	NA
contig_1161	13423	18	3	0	No	NA	NA	NA	NA	NA	NA	NA	NA
contig_1162	11726	30	2	0	No	NA	NA	NA	NA	NA	NA	NA	NA
contig_1163	17919	29	4	1	No	NA	NA	NA	NA	NA	NA	NA	NA
contig_1164	12042	27	0	0	No	NA	NA	NA	NA	NA	NA	NA	NA
contig_1165	26465	50	11	0	No	NA	NA	NA	NA	NA	NA	NA	NA
contig_1166	16744	24	5	0	No	NA	NA	NA	NA	NA	NA	NA	NA
contig_1169	39797	74	1	0	No	NA	NA	NA	NA	NA	NA	NA	NA
contig_117	7851	14	6	0	No	NA	NA	NA	NA	NA	NA	NA	NA
contig_1170	36365	76	7	0	No	NA	NA	NA	NA	NA	NA	NA	NA
contig_1171	2522	4	0	0	No	NA	NA	NA	NA	NA	NA	NA	NA
contig_1172	4490	7	4	0	No	NA	NA	NA	NA	NA	NA	NA	NA
contig_1175	16175	24	1	0	No	NA	NA	NA	NA	NA	NA	NA	NA
contig_1176	6117	11	2	0	No	NA	NA	NA	NA	NA	NA	NA	NA
contig_1177	41139	71	30	0	No	NA	NA	NA	NA	NA	NA	NA	NA
contig_1179	2082	3	1	0	No	NA	NA	NA	NA	NA	NA	NA	NA
contig_118	33620	83	11	0	No	NA	NA	NA	NA	NA	NA	NA	NA
contig_1182	2446	7	0	0	No	NA	NA	NA	NA	NA	NA	NA	NA
contig_1184	30062	61	15	0	No	NA	NA	NA	NA	NA	NA	NA	NA
contig_1187	2323	4	0	0	No	NA	NA	NA	NA	NA	NA	NA	NA
contig_1189	6813	16	1	0	No	NA	NA	NA	NA	NA	NA	NA	NA
contig_119	7473	16	2	0	No	NA	NA	NA	NA	NA	NA	NA	NA
contig_1190	3799	11	2	0	No	NA	NA	NA	NA	NA	NA	NA	NA
contig_1191	14706	30	1	0	No	NA	NA	NA	NA	NA	NA	NA	NA
contig_1192	3111	6	0	0	No	NA	NA	NA	NA	NA	NA	NA	NA
contig_1193	4417	5	2	0	No	NA	NA	NA	NA	NA	NA	NA	NA
contig_1194	3296	5	1	0	No	NA	NA	NA	NA	NA	NA	NA	NA
contig_1195	3262	5	2	0	No	NA	NA	NA	NA	NA	NA	NA	NA
contig_1196	6269	7	1	0	No	NA	NA	NA	NA	NA	NA	NA	NA
contig_1197	4158	14	1	0	No	NA	NA	NA	NA	NA	NA	NA	NA
contig_1198	28588	55	12	0	No	NA	NA	NA	NA	NA	NA	NA	NA
contig_1199	15258	29	10	0	No	NA	NA	NA	NA	NA	NA	NA	NA
contig_120	27677	47	16	0	No	NA	NA	NA	NA	NA	NA	NA	NA
contig_1200	3318	5	0	0	No	NA	NA	NA	NA	NA	NA	NA	NA
contig_1201	15284	26	2	0	No	NA	NA	NA	NA	NA	NA	NA	NA
contig_1202	1403	4	1	0	No	NA	NA	NA	NA	NA	NA	NA	NA
contig_1203	1516	6	2	0	No	NA	NA	NA	NA	NA	NA	NA	NA
contig_1204	8194	17	1	0	No	NA	NA	NA	NA	NA	NA	NA	NA
contig_1205	52501	87	1	1	No	NA	NA	NA	NA	NA	NA	NA	NA
contig_1206	18267	29	2	0	No	NA	NA	NA	NA	NA	NA	NA	NA
contig_1207	14130	28	3	0	No	NA	NA	NA	NA	NA	NA	NA	NA
contig_1208	4058	5	2	0	No	NA	NA	NA	NA	NA	NA	NA	NA
contig_1209	3559	8	0	0	No	NA	NA	NA	NA	NA	NA	NA	NA
contig_121	2392	3	0	0	No	NA	NA	NA	NA	NA	NA	NA	NA
contig_1210	20334	22	5	0	No	NA	NA	NA	NA	NA	NA	NA	NA
contig_1211	2733	5	1	0	No	NA	NA	NA	NA	NA	NA	NA	NA
contig_1212	12984	28	2	0	No	NA	NA	NA	NA	NA	NA	NA	NA
contig_1213	1416	2	1	0	No	NA	NA	NA	NA	NA	NA	NA	NA
contig_1214	12914	22	3	0	No	NA	NA	NA	NA	NA	NA	NA	NA
contig_1215	14478	24	3	0	No	NA	NA	NA	NA	NA	NA	NA	NA
contig_1218	34004	43	17	0	No	NA	NA	NA	NA	NA	NA	NA	NA
contig_1219	2884	7	0	0	No	NA	NA	NA	NA	NA	NA	NA	NA
contig_122	9998	15	0	0	No	NA	NA	NA	NA	NA	NA	NA	NA
contig_1220	3240	7	1	0	No	NA	NA	NA	NA	NA	NA	NA	NA
contig_1221	9555	19	0	0	No	NA	NA	NA	NA	NA	NA	NA	NA
contig_1222	4307	8	0	0	No	NA	NA	NA	NA	NA	NA	NA	NA
contig_1223	44980	87	7	1	No	NA	NA	NA	NA	NA	NA	NA	NA
contig_1224	2683	1	0	0	No	NA	NA	NA	NA	NA	NA	NA	NA
contig_1225	21932	42	3	0	No	NA	NA	NA	NA	NA	NA	NA	NA
contig_1226	33104	64	22	0	No	NA	NA	NA	NA	NA	NA	NA	NA
contig_1227	3416	9	0	0	No	NA	NA	NA	NA	NA	NA	NA	NA
contig_1228	9552	17	7	0	No	NA	NA	NA	NA	NA	NA	NA	NA
contig_1229	10729	16	8	0	No	NA	NA	NA	NA	NA	NA	NA	NA
contig_123	43186	75	16	0	No	NA	NA	NA	NA	NA	NA	NA	NA
contig_1230	1256	4	3	0	No	NA	NA	NA	NA	NA	NA	NA	NA
contig_1235	21378	37	11	0	No	NA	NA	NA	NA	NA	NA	NA	NA
contig_1236	13367	22	17	0	No	NA	NA	NA	NA	NA	NA	NA	NA
contig_1239	36142	75	22	0	No	NA	NA	NA	NA	NA	NA	NA	NA
contig_124	11045	17	2	0	No	NA	NA	NA	NA	NA	NA	NA	NA
contig_1240	29943	55	15	0	No	NA	NA	NA	NA	NA	NA	NA	NA
contig_1241	5123	11	0	0	No	NA	NA	NA	NA	NA	NA	NA	NA
contig_1242	29633	58	19	0	No	NA	NA	NA	NA	NA	NA	NA	NA
contig_1243	10916	15	4	0	No	NA	NA	NA	NA	NA	NA	NA	NA
contig_1244	3520	5	2	0	No	NA	NA	NA	NA	NA	NA	NA	NA
contig_1245	22094	35	5	0	No	NA	NA	NA	NA	NA	NA	NA	NA
contig_1246	19963	30	1	0	No	NA	NA	NA	NA	NA	NA	NA	NA
contig_1247	11684	14	10	0	No	NA	NA	NA	NA	NA	NA	NA	NA
contig_1248	10564	20	12	0	No	NA	NA	NA	NA	NA	NA	NA	NA
contig_1249	10522	26	2	0	No	NA	NA	NA	NA	NA	NA	NA	NA
contig_125	6372	12	5	0	No	NA	NA	NA	NA	NA	NA	NA	NA
contig_1250	5671	6	1	0	No	NA	NA	NA	NA	NA	NA	NA	NA
contig_1251	1683	2	0	0	No	NA	NA	NA	NA	NA	NA	NA	NA
contig_1252	28085	47	23	0	No	NA	NA	NA	NA	NA	NA	NA	NA
contig_1253	4788	11	3	0	No	NA	NA	NA	NA	NA	NA	NA	NA
contig_1254	19106	31	22	0	No	NA	NA	NA	NA	NA	NA	NA	NA
contig_1257	36821	76	18	0	No	NA	NA	NA	NA	NA	NA	NA	NA
contig_1262	32671	69	23	0	No	NA	NA	NA	NA	NA	NA	NA	NA
contig_1263	7129	22	0	0	No	NA	NA	NA	NA	NA	NA	NA	NA
contig_1264	2496	5	1	0	No	NA	NA	NA	NA	NA	NA	NA	NA
contig_1265	34995	68	16	0	No	NA	NA	NA	NA	NA	NA	NA	NA
contig_1266	34121	66	7	0	No	NA	NA	NA	NA	NA	NA	NA	NA
contig_1267	3627	8	0	0	No	NA	NA	NA	NA	NA	NA	NA	NA
contig_1268	14593	32	2	0	No	NA	NA	NA	NA	NA	NA	NA	NA
contig_1269	3951	7	3	0	No	NA	NA	NA	NA	NA	NA	NA	NA
contig_1270	5605	9	2	0	No	NA	NA	NA	NA	NA	NA	NA	NA
contig_1271	14284	22	4	0	No	NA	NA	NA	NA	NA	NA	NA	NA
contig_1272	14845	22	5	0	No	NA	NA	NA	NA	NA	NA	NA	NA
contig_1273	12799	28	5	0	No	NA	NA	NA	NA	NA	NA	NA	NA
contig_1274	13726	21	6	0	No	NA	NA	NA	NA	NA	NA	NA	NA
contig_1275	22860	32	9	0	No	NA	NA	NA	NA	NA	NA	NA	NA
contig_1278	2245	3	2	0	No	NA	NA	NA	NA	NA	NA	NA	NA
contig_1279	4100	11	4	0	No	NA	NA	NA	NA	NA	NA	NA	NA
contig_1280	15384	28	2	0	No	NA	NA	NA	NA	NA	NA	NA	NA
contig_1281	20802	44	12	0	No	NA	NA	NA	NA	NA	NA	NA	NA
contig_1282	15884	28	5	0	No	NA	NA	NA	NA	NA	NA	NA	NA
contig_1285	6258	10	5	0	No	NA	NA	NA	NA	NA	NA	NA	NA
contig_1286	2321	5	1	0	No	NA	NA	NA	NA	NA	NA	NA	NA
contig_1289	56757	69	4	1	No	NA	NA	NA	NA	NA	NA	NA	NA
contig_1290	28705	41	7	0	No	NA	NA	NA	NA	NA	NA	NA	NA
contig_1291	16084	22	15	0	No	NA	NA	NA	NA	NA	NA	NA	NA
contig_1292	2994	6	2	0	No	NA	NA	NA	NA	NA	NA	NA	NA
contig_1293	15853	38	10	0	No	NA	NA	NA	NA	NA	NA	NA	NA
contig_1294	2360	4	0	0	No	NA	NA	NA	NA	NA	NA	NA	NA
contig_1295	4079	9	3	0	No	NA	NA	NA	NA	NA	NA	NA	NA
contig_1296	7781	12	0	0	No	NA	NA	NA	NA	NA	NA	NA	NA
contig_1297	44160	84	8	0	No	NA	NA	NA	NA	NA	NA	NA	NA
contig_1298	40164	78	11	0	No	NA	NA	NA	NA	NA	NA	NA	NA
contig_1299	5459	9	1	0	No	NA	NA	NA	NA	NA	NA	NA	NA
contig_13	6690	6	0	0	No	NA	NA	NA	NA	NA	NA	NA	NA
contig_130	16647	35	7	0	No	NA	NA	NA	NA	NA	NA	NA	NA
contig_1301	15224	30	4	0	No	NA	NA	NA	NA	NA	NA	NA	NA
contig_1302	13853	19	0	0	No	NA	NA	NA	NA	NA	NA	NA	NA
contig_1303	14427	30	5	0	No	NA	NA	NA	NA	NA	NA	NA	NA
contig_1306	4174	9	2	0	No	NA	NA	NA	NA	NA	NA	NA	NA
contig_1307	23947	46	6	0	No	NA	NA	NA	NA	NA	NA	NA	NA
contig_131	2821	6	2	0	No	NA	NA	NA	NA	NA	NA	NA	NA
contig_1310	3604	5	2	0	No	NA	NA	NA	NA	NA	NA	NA	NA
contig_1311	16921	31	0	0	No	NA	NA	NA	NA	NA	NA	NA	NA
contig_1312	36721	88	9	0	No	NA	NA	NA	NA	NA	NA	NA	NA
contig_1315	8990	28	3	0	No	NA	NA	NA	NA	NA	NA	NA	NA
contig_1317	15257	34	2	1	No	NA	NA	NA	NA	NA	NA	NA	NA
contig_1318	11229	26	1	1	No	NA	NA	NA	NA	NA	NA	NA	NA
contig_1319	5719	12	1	0	No	NA	NA	NA	NA	NA	NA	NA	NA
contig_132	37964	69	10	0	No	NA	NA	NA	NA	NA	NA	NA	NA
contig_1320	9585	17	1	0	No	NA	NA	NA	NA	NA	NA	NA	NA
contig_1321	27424	57	12	0	No	NA	NA	NA	NA	NA	NA	NA	NA
contig_1322	32879	62	18	0	No	NA	NA	NA	NA	NA	NA	NA	NA
contig_1323	35894	80	9	0	No	NA	NA	NA	NA	NA	NA	NA	NA
contig_1326	34454	46	7	0	No	NA	NA	NA	NA	NA	NA	NA	NA
contig_1327	37419	67	15	0	No	NA	NA	NA	NA	NA	NA	NA	NA
contig_1329	36267	46	6	0	No	NA	NA	NA	NA	NA	NA	NA	NA
contig_133	53613	68	22	0	No	NA	NA	NA	NA	NA	NA	NA	NA
contig_1330	32178	53	6	0	No	NA	NA	NA	NA	NA	NA	NA	NA
contig_1331	14555	25	3	0	No	NA	NA	NA	NA	NA	NA	NA	NA
contig_1332	5371	12	0	0	No	NA	NA	NA	NA	NA	NA	NA	NA
contig_1333	42611	85	1	0	No	NA	NA	NA	NA	NA	NA	NA	NA
contig_1334	2373	1	0	0	No	NA	NA	NA	NA	NA	NA	NA	NA
contig_1335	5650	8	4	0	No	NA	NA	NA	NA	NA	NA	NA	NA
contig_1336	23295	38	5	0	No	NA	NA	NA	NA	NA	NA	NA	NA
contig_1338	2648	7	1	0	No	NA	NA	NA	NA	NA	NA	NA	NA
contig_134	6006	12	0	0	No	NA	NA	NA	NA	NA	NA	NA	NA
contig_1341	13145	16	10	0	No	NA	NA	NA	NA	NA	NA	NA	NA
contig_1342	17432	23	11	0	No	NA	NA	NA	NA	NA	NA	NA	NA
contig_1343	19121	24	1	0	No	NA	NA	NA	NA	NA	NA	NA	NA
contig_1344	11964	26	1	0	No	NA	NA	NA	NA	NA	NA	NA	NA
contig_1345	5187	9	2	0	No	NA	NA	NA	NA	NA	NA	NA	NA
contig_1346	3795	7	1	0	No	NA	NA	NA	NA	NA	NA	NA	NA
contig_1347	4142	5	0	0	No	NA	NA	NA	NA	NA	NA	NA	NA
contig_1348	6704	12	1	0	No	NA	NA	NA	NA	NA	NA	NA	NA
contig_1349	15849	26	6	0	No	NA	NA	NA	NA	NA	NA	NA	NA
contig_1350	9250	14	9	0	No	NA	NA	NA	NA	NA	NA	NA	NA
contig_1351	16800	34	4	0	No	NA	NA	NA	NA	NA	NA	NA	NA
contig_1352	2947	4	1	0	No	NA	NA	NA	NA	NA	NA	NA	NA
contig_1353	13301	25	3	0	No	NA	NA	NA	NA	NA	NA	NA	NA
contig_1354	10310	19	0	0	No	NA	NA	NA	NA	NA	NA	NA	NA
contig_1355	4834	10	4	0	No	NA	NA	NA	NA	NA	NA	NA	NA
contig_1356	38955	60	8	0	No	NA	NA	NA	NA	NA	NA	NA	NA
contig_1357	5349	12	4	0	No	NA	NA	NA	NA	NA	NA	NA	NA
contig_1358	15745	32	3	0	No	NA	NA	NA	NA	NA	NA	NA	NA
contig_1359	10714	20	2	0	No	NA	NA	NA	NA	NA	NA	NA	NA
contig_136	2942	6	0	0	No	NA	NA	NA	NA	NA	NA	NA	NA
contig_1360	15027	35	2	0	No	NA	NA	NA	NA	NA	NA	NA	NA
contig_1361	6870	8	0	0	No	NA	NA	NA	NA	NA	NA	NA	NA
contig_1362	2721	5	1	0	No	NA	NA	NA	NA	NA	NA	NA	NA
contig_1363	23352	35	8	0	No	NA	NA	NA	NA	NA	NA	NA	NA
contig_1364	2495	6	3	0	No	NA	NA	NA	NA	NA	NA	NA	NA
contig_1365	3294	6	2	0	No	NA	NA	NA	NA	NA	NA	NA	NA
contig_1366	16007	35	7	0	No	NA	NA	NA	NA	NA	NA	NA	NA
contig_1367	7055	9	3	0	No	NA	NA	NA	NA	NA	NA	NA	NA
contig_1368	5506	10	5	0	No	NA	NA	NA	NA	NA	NA	NA	NA
contig_1369	10506	12	8	0	No	NA	NA	NA	NA	NA	NA	NA	NA
contig_137	1084	2	0	0	No	NA	NA	NA	NA	NA	NA	NA	NA
contig_1370	2943	6	0	0	No	NA	NA	NA	NA	NA	NA	NA	NA
contig_1371	7613	13	2	0	No	NA	NA	NA	NA	NA	NA	NA	NA
contig_1374	34580	60	18	1	No	NA	NA	NA	NA	NA	NA	NA	NA
contig_1378	32739	68	11	1	No	NA	NA	NA	NA	NA	NA	NA	NA
contig_1379	9923	19	0	0	No	NA	NA	NA	NA	NA	NA	NA	NA
contig_138	31528	62	21	0	No	NA	NA	NA	NA	NA	NA	NA	NA
contig_1380	3640	5	0	0	No	NA	NA	NA	NA	NA	NA	NA	NA
contig_1381	4261	10	1	0	No	NA	NA	NA	NA	NA	NA	NA	NA
contig_1382	15559	26	3	0	No	NA	NA	NA	NA	NA	NA	NA	NA
contig_1383	5387	15	4	0	No	NA	NA	NA	NA	NA	NA	NA	NA
contig_1384	14490	36	6	0	No	NA	NA	NA	NA	NA	NA	NA	NA
contig_1385	22725	39	7	0	No	NA	NA	NA	NA	NA	NA	NA	NA
contig_1386	10337	20	1	0	No	NA	NA	NA	NA	NA	NA	NA	NA
contig_1388	12957	17	1	0	No	NA	NA	NA	NA	NA	NA	NA	NA
contig_1389	2382	7	1	0	No	NA	NA	NA	NA	NA	NA	NA	NA
contig_139	26146	48	11	0	No	NA	NA	NA	NA	NA	NA	NA	NA
contig_1391	14845	20	12	0	No	NA	NA	NA	NA	NA	NA	NA	NA
contig_1392	2301	4	1	0	No	NA	NA	NA	NA	NA	NA	NA	NA
contig_1393	38768	70	8	0	No	NA	NA	NA	NA	NA	NA	NA	NA
contig_1394	46587	78	17	0	No	NA	NA	NA	NA	NA	NA	NA	NA
contig_1395	5709	15	0	0	No	NA	NA	NA	NA	NA	NA	NA	NA
contig_1396	33427	63	14	0	No	NA	NA	NA	NA	NA	NA	NA	NA
contig_1397	3934	9	5	0	No	NA	NA	NA	NA	NA	NA	NA	NA
contig_1398	12061	22	3	1	No	NA	NA	NA	NA	NA	NA	NA	NA
contig_1399	3456	5	1	0	No	NA	NA	NA	NA	NA	NA	NA	NA
contig_14	4698	9	0	0	No	NA	NA	NA	NA	NA	NA	NA	NA
contig_140	29706	68	10	0	No	NA	NA	NA	NA	NA	NA	NA	NA
contig_1402	8989	20	5	0	No	NA	NA	NA	NA	NA	NA	NA	NA
contig_1403	3598	13	1	0	No	NA	NA	NA	NA	NA	NA	NA	NA
contig_1406	2499	6	2	0	No	NA	NA	NA	NA	NA	NA	NA	NA
contig_1407	14835	25	2	0	No	NA	NA	NA	NA	NA	NA	NA	NA
contig_1408	14045	26	0	0	No	NA	NA	NA	NA	NA	NA	NA	NA
contig_1409	2740	2	1	0	No	NA	NA	NA	NA	NA	NA	NA	NA
contig_1410	2351	6	2	0	No	NA	NA	NA	NA	NA	NA	NA	NA
contig_1411	2881	6	0	0	No	NA	NA	NA	NA	NA	NA	NA	NA
contig_1415	11539	23	2	0	No	NA	NA	NA	NA	NA	NA	NA	NA
contig_1416	17481	32	10	0	No	NA	NA	NA	NA	NA	NA	NA	NA
contig_1417	14512	31	2	0	No	NA	NA	NA	NA	NA	NA	NA	NA
contig_1418	5117	6	0	0	No	NA	NA	NA	NA	NA	NA	NA	NA
contig_1419	5987	12	4	0	No	NA	NA	NA	NA	NA	NA	NA	NA
contig_1420	35652	71	8	0	No	NA	NA	NA	NA	NA	NA	NA	NA
contig_1421	8425	16	5	0	No	NA	NA	NA	NA	NA	NA	NA	NA
contig_1422	12685	21	2	0	No	NA	NA	NA	NA	NA	NA	NA	NA
contig_1423	39584	61	3	0	No	NA	NA	NA	NA	NA	NA	NA	NA
contig_1424	15363	32	9	0	No	NA	NA	NA	NA	NA	NA	NA	NA
contig_1426	2711	3	1	0	No	NA	NA	NA	NA	NA	NA	NA	NA
contig_1427	3497	5	2	0	No	NA	NA	NA	NA	NA	NA	NA	NA
contig_1429	9609	14	3	0	No	NA	NA	NA	NA	NA	NA	NA	NA
contig_1430	8840	17	3	0	No	NA	NA	NA	NA	NA	NA	NA	NA
contig_1431	4097	9	3	0	No	NA	NA	NA	NA	NA	NA	NA	NA
contig_1432	12315	31	4	0	No	NA	NA	NA	NA	NA	NA	NA	NA
contig_1433	16900	28	5	0	No	NA	NA	NA	NA	NA	NA	NA	NA
contig_1434	4271	5	2	1	Yes	2493	1778	host,viral	1778,2493	1-1778,1779-4271	1-2,3-5	0,2	1,0
contig_1435	13799	19	7	1	No	NA	NA	NA	NA	NA	NA	NA	NA
contig_1436	3531	8	0	0	No	NA	NA	NA	NA	NA	NA	NA	NA
contig_1437	16929	30	14	0	No	NA	NA	NA	NA	NA	NA	NA	NA
contig_1438	14529	30	8	0	No	NA	NA	NA	NA	NA	NA	NA	NA
contig_1439	34481	62	8	0	No	NA	NA	NA	NA	NA	NA	NA	NA
contig_1440	5680	17	2	0	No	NA	NA	NA	NA	NA	NA	NA	NA
contig_1441	16094	27	5	0	No	NA	NA	NA	NA	NA	NA	NA	NA
contig_1442	14485	23	3	0	No	NA	NA	NA	NA	NA	NA	NA	NA
contig_1444	17050	28	5	0	No	NA	NA	NA	NA	NA	NA	NA	NA
contig_1445	36714	63	13	0	No	NA	NA	NA	NA	NA	NA	NA	NA
contig_1446	13317	29	8	0	No	NA	NA	NA	NA	NA	NA	NA	NA
contig_1447	7843	20	0	0	No	NA	NA	NA	NA	NA	NA	NA	NA
contig_1449	14114	27	4	0	No	NA	NA	NA	NA	NA	NA	NA	NA
contig_145	3548	4	1	0	No	NA	NA	NA	NA	NA	NA	NA	NA
contig_1450	20125	35	5	0	No	NA	NA	NA	NA	NA	NA	NA	NA
contig_1451	33486	66	13	1	No	NA	NA	NA	NA	NA	NA	NA	NA
contig_1452	2840	7	1	0	No	NA	NA	NA	NA	NA	NA	NA	NA
contig_1453	19525	28	3	0	No	NA	NA	NA	NA	NA	NA	NA	NA
contig_1454	9115	12	0	0	No	NA	NA	NA	NA	NA	NA	NA	NA
contig_1455	13324	34	8	0	No	NA	NA	NA	NA	NA	NA	NA	NA
contig_1456	38967	77	18	0	No	NA	NA	NA	NA	NA	NA	NA	NA
contig_1457	15800	29	5	0	No	NA	NA	NA	NA	NA	NA	NA	NA
contig_1458	12639	22	4	0	No	NA	NA	NA	NA	NA	NA	NA	NA
contig_1459	15486	23	1	0	No	NA	NA	NA	NA	NA	NA	NA	NA
contig_146	3118	5	1	0	No	NA	NA	NA	NA	NA	NA	NA	NA
contig_1460	15850	21	1	0	No	NA	NA	NA	NA	NA	NA	NA	NA
contig_1461	9794	18	5	0	No	NA	NA	NA	NA	NA	NA	NA	NA
contig_1462	4669	10	4	0	No	NA	NA	NA	NA	NA	NA	NA	NA
contig_1464	2539	2	2	0	No	NA	NA	NA	NA	NA	NA	NA	NA
contig_1465	3148	6	1	0	No	NA	NA	NA	NA	NA	NA	NA	NA
contig_1466	8744	24	4	0	No	NA	NA	NA	NA	NA	NA	NA	NA
contig_1467	14727	36	5	0	No	NA	NA	NA	NA	NA	NA	NA	NA
contig_1468	5807	13	0	0	No	NA	NA	NA	NA	NA	NA	NA	NA
contig_1469	14375	20	6	0	No	NA	NA	NA	NA	NA	NA	NA	NA
contig_147	2885	3	0	0	No	NA	NA	NA	NA	NA	NA	NA	NA
contig_1470	8622	16	7	0	No	NA	NA	NA	NA	NA	NA	NA	NA
contig_1471	2530	7	0	0	No	NA	NA	NA	NA	NA	NA	NA	NA
contig_1472	30538	50	11	0	No	NA	NA	NA	NA	NA	NA	NA	NA
contig_1473	32864	41	16	0	No	NA	NA	NA	NA	NA	NA	NA	NA
contig_1474	31359	69	12	0	No	NA	NA	NA	NA	NA	NA	NA	NA
contig_1475	6511	12	0	0	No	NA	NA	NA	NA	NA	NA	NA	NA
contig_1476	10101	18	2	0	No	NA	NA	NA	NA	NA	NA	NA	NA
contig_1477	44251	81	14	0	No	NA	NA	NA	NA	NA	NA	NA	NA
contig_1478	9884	17	2	0	No	NA	NA	NA	NA	NA	NA	NA	NA
contig_1479	16245	21	0	0	No	NA	NA	NA	NA	NA	NA	NA	NA
contig_148	2681	4	0	0	No	NA	NA	NA	NA	NA	NA	NA	NA
contig_1482	36875	65	17	0	No	NA	NA	NA	NA	NA	NA	NA	NA
contig_1483	8111	13	3	0	No	NA	NA	NA	NA	NA	NA	NA	NA
contig_1484	68203	122	39	0	No	NA	NA	NA	NA	NA	NA	NA	NA
contig_1485	16835	30	4	0	No	NA	NA	NA	NA	NA	NA	NA	NA
contig_1488	20921	35	3	0	No	NA	NA	NA	NA	NA	NA	NA	NA
contig_1489	2809	4	0	0	No	NA	NA	NA	NA	NA	NA	NA	NA
contig_149	3804	6	1	0	No	NA	NA	NA	NA	NA	NA	NA	NA
contig_1490	2903	7	2	0	No	NA	NA	NA	NA	NA	NA	NA	NA
contig_1491	21380	45	11	0	No	NA	NA	NA	NA	NA	NA	NA	NA
contig_1492	5302	6	0	0	No	NA	NA	NA	NA	NA	NA	NA	NA
contig_1493	13539	24	0	0	No	NA	NA	NA	NA	NA	NA	NA	NA
contig_1494	5875	10	5	0	No	NA	NA	NA	NA	NA	NA	NA	NA
contig_1495	3900	5	2	0	No	NA	NA	NA	NA	NA	NA	NA	NA
contig_1496	34012	56	13	0	No	NA	NA	NA	NA	NA	NA	NA	NA
contig_1497	34801	60	10	0	No	NA	NA	NA	NA	NA	NA	NA	NA
contig_1498	28843	52	14	0	No	NA	NA	NA	NA	NA	NA	NA	NA
contig_1499	27661	65	13	0	No	NA	NA	NA	NA	NA	NA	NA	NA
contig_15	2787	8	3	0	No	NA	NA	NA	NA	NA	NA	NA	NA
contig_1501	19883	38	3	0	No	NA	NA	NA	NA	NA	NA	NA	NA
contig_1504	10529	23	2	0	No	NA	NA	NA	NA	NA	NA	NA	NA
contig_1505	8587	14	1	0	No	NA	NA	NA	NA	NA	NA	NA	NA
contig_1506	33842	61	1	0	No	NA	NA	NA	NA	NA	NA	NA	NA
contig_1507	1147	2	1	0	No	NA	NA	NA	NA	NA	NA	NA	NA
contig_1508	3077	5	2	0	No	NA	NA	NA	NA	NA	NA	NA	NA
contig_1509	15231	30	2	3	No	NA	NA	NA	NA	NA	NA	NA	NA
contig_1510	11229	12	7	0	No	NA	NA	NA	NA	NA	NA	NA	NA
contig_1515	8518	20	3	0	No	NA	NA	NA	NA	NA	NA	NA	NA
contig_1516	7431	10	1	0	No	NA	NA	NA	NA	NA	NA	NA	NA
contig_1518	10929	22	7	0	No	NA	NA	NA	NA	NA	NA	NA	NA
contig_1519	39859	82	9	0	No	NA	NA	NA	NA	NA	NA	NA	NA
contig_152	30797	45	14	0	No	NA	NA	NA	NA	NA	NA	NA	NA
contig_1520	2394	3	1	0	No	NA	NA	NA	NA	NA	NA	NA	NA
contig_1521	2365	6	1	0	No	NA	NA	NA	NA	NA	NA	NA	NA
contig_1523	6843	17	2	0	No	NA	NA	NA	NA	NA	NA	NA	NA
contig_1524	2339	5	1	0	No	NA	NA	NA	NA	NA	NA	NA	NA
contig_1525	28216	56	6	0	No	NA	NA	NA	NA	NA	NA	NA	NA
contig_1527	5651	11	0	0	No	NA	NA	NA	NA	NA	NA	NA	NA
contig_1528	5619	10	0	0	No	NA	NA	NA	NA	NA	NA	NA	NA
contig_1529	14681	34	0	0	No	NA	NA	NA	NA	NA	NA	NA	NA
contig_1532	7116	11	1	0	No	NA	NA	NA	NA	NA	NA	NA	NA
contig_1535	2652	8	0	0	No	NA	NA	NA	NA	NA	NA	NA	NA
contig_1537	6515	14	0	0	No	NA	NA	NA	NA	NA	NA	NA	NA
contig_1539	35193	52	26	0	No	NA	NA	NA	NA	NA	NA	NA	NA
contig_1542	31735	69	19	0	No	NA	NA	NA	NA	NA	NA	NA	NA
contig_1543	33118	65	14	0	No	NA	NA	NA	NA	NA	NA	NA	NA
contig_1544	15453	27	0	1	No	NA	NA	NA	NA	NA	NA	NA	NA
contig_1545	41551	75	15	0	No	NA	NA	NA	NA	NA	NA	NA	NA
contig_1546	38963	70	10	0	No	NA	NA	NA	NA	NA	NA	NA	NA
contig_1547	35347	71	12	1	No	NA	NA	NA	NA	NA	NA	NA	NA
contig_1549	40575	74	17	0	No	NA	NA	NA	NA	NA	NA	NA	NA
contig_1550	35720	68	8	0	No	NA	NA	NA	NA	NA	NA	NA	NA
contig_1551	34409	49	2	0	No	NA	NA	NA	NA	NA	NA	NA	NA
contig_1552	26758	43	5	0	No	NA	NA	NA	NA	NA	NA	NA	NA
contig_1553	7214	9	1	0	No	NA	NA	NA	NA	NA	NA	NA	NA
contig_1554	36349	66	5	0	No	NA	NA	NA	NA	NA	NA	NA	NA
contig_1555	36429	76	13	0	No	NA	NA	NA	NA	NA	NA	NA	NA
contig_1556	6539	11	3	0	No	NA	NA	NA	NA	NA	NA	NA	NA
contig_1557	5365	5	0	0	No	NA	NA	NA	NA	NA	NA	NA	NA
contig_1558	29951	51	13	0	No	NA	NA	NA	NA	NA	NA	NA	NA
contig_1559	10989	16	0	0	No	NA	NA	NA	NA	NA	NA	NA	NA
contig_1560	5911	13	0	0	No	NA	NA	NA	NA	NA	NA	NA	NA
contig_16	26548	47	8	0	No	NA	NA	NA	NA	NA	NA	NA	NA
contig_163	1238	3	0	0	No	NA	NA	NA	NA	NA	NA	NA	NA
contig_164	2125	4	1	0	No	NA	NA	NA	NA	NA	NA	NA	NA
contig_165	2769	4	1	0	No	NA	NA	NA	NA	NA	NA	NA	NA
contig_166	2713	8	0	0	No	NA	NA	NA	NA	NA	NA	NA	NA
contig_167	1620	3	2	0	No	NA	NA	NA	NA	NA	NA	NA	NA
contig_168	26659	49	6	0	No	NA	NA	NA	NA	NA	NA	NA	NA
contig_169	16030	30	2	0	No	NA	NA	NA	NA	NA	NA	NA	NA
contig_17	3234	9	1	0	No	NA	NA	NA	NA	NA	NA	NA	NA
contig_170	9363	11	6	0	No	NA	NA	NA	NA	NA	NA	NA	NA
contig_173	7718	11	5	0	No	NA	NA	NA	NA	NA	NA	NA	NA
contig_174	32589	58	9	0	No	NA	NA	NA	NA	NA	NA	NA	NA
contig_175	1219	2	0	0	No	NA	NA	NA	NA	NA	NA	NA	NA
contig_18	17994	33	6	0	No	NA	NA	NA	NA	NA	NA	NA	NA
contig_183	10170	24	3	0	No	NA	NA	NA	NA	NA	NA	NA	NA
contig_184	58762	118	18	0	No	NA	NA	NA	NA	NA	NA	NA	NA
contig_185	31011	66	6	0	No	NA	NA	NA	NA	NA	NA	NA	NA
contig_186	21189	27	4	0	No	NA	NA	NA	NA	NA	NA	NA	NA
contig_188	13826	28	0	0	No	NA	NA	NA	NA	NA	NA	NA	NA
contig_189	34390	56	4	0	No	NA	NA	NA	NA	NA	NA	NA	NA
contig_19	2987	4	0	0	No	NA	NA	NA	NA	NA	NA	NA	NA
contig_192	8032	16	2	0	No	NA	NA	NA	NA	NA	NA	NA	NA
contig_197	7652	11	2	0	No	NA	NA	NA	NA	NA	NA	NA	NA
contig_198	4994	9	0	0	No	NA	NA	NA	NA	NA	NA	NA	NA
contig_199	14474	27	0	0	No	NA	NA	NA	NA	NA	NA	NA	NA
contig_2	7614	10	2	0	No	NA	NA	NA	NA	NA	NA	NA	NA
contig_20	10453	25	1	1	No	NA	NA	NA	NA	NA	NA	NA	NA
contig_200	109562	236	39	0	No	NA	NA	NA	NA	NA	NA	NA	NA
contig_201	1654	4	1	0	No	NA	NA	NA	NA	NA	NA	NA	NA
contig_202	16673	27	5	1	No	NA	NA	NA	NA	NA	NA	NA	NA
contig_203	3778	8	1	0	No	NA	NA	NA	NA	NA	NA	NA	NA
contig_204	6133	7	0	0	No	NA	NA	NA	NA	NA	NA	NA	NA
contig_206	20220	31	6	0	No	NA	NA	NA	NA	NA	NA	NA	NA
contig_207	19172	37	7	0	No	NA	NA	NA	NA	NA	NA	NA	NA
contig_208	6946	11	3	0	No	NA	NA	NA	NA	NA	NA	NA	NA
contig_209	11202	23	5	0	No	NA	NA	NA	NA	NA	NA	NA	NA
contig_210	1521	2	0	0	No	NA	NA	NA	NA	NA	NA	NA	NA
contig_211	1816	3	0	0	No	NA	NA	NA	NA	NA	NA	NA	NA
contig_213	36935	74	13	0	No	NA	NA	NA	NA	NA	NA	NA	NA
contig_214	5905	14	2	0	No	NA	NA	NA	NA	NA	NA	NA	NA
contig_215	36484	47	10	0	No	NA	NA	NA	NA	NA	NA	NA	NA
contig_218	2069	4	0	0	No	NA	NA	NA	NA	NA	NA	NA	NA
contig_219	3090	4	0	0	No	NA	NA	NA	NA	NA	NA	NA	NA
contig_220	4852	10	3	0	No	NA	NA	NA	NA	NA	NA	NA	NA
contig_221	3061	7	0	0	No	NA	NA	NA	NA	NA	NA	NA	NA
contig_222	13066	22	14	0	No	NA	NA	NA	NA	NA	NA	NA	NA
contig_223	4122	7	1	0	No	NA	NA	NA	NA	NA	NA	NA	NA
contig_224	1625	4	2	0	No	NA	NA	NA	NA	NA	NA	NA	NA
contig_225	13356	21	0	1	No	NA	NA	NA	NA	NA	NA	NA	NA
contig_226	4565	8	5	0	No	NA	NA	NA	NA	NA	NA	NA	NA
contig_227	2015	3	1	0	No	NA	NA	NA	NA	NA	NA	NA	NA
contig_228	2013	4	1	0	No	NA	NA	NA	NA	NA	NA	NA	NA
contig_23	32783	60	9	0	No	NA	NA	NA	NA	NA	NA	NA	NA
contig_230	1436	3	1	0	No	NA	NA	NA	NA	NA	NA	NA	NA
contig_233	6071	15	5	0	No	NA	NA	NA	NA	NA	NA	NA	NA
contig_234	5091	13	2	0	No	NA	NA	NA	NA	NA	NA	NA	NA
contig_235	5153	8	3	0	No	NA	NA	NA	NA	NA	NA	NA	NA
contig_236	5228	12	3	0	No	NA	NA	NA	NA	NA	NA	NA	NA
contig_237	5328	14	5	0	No	NA	NA	NA	NA	NA	NA	NA	NA
contig_24	25396	42	7	3	No	NA	NA	NA	NA	NA	NA	NA	NA
contig_241	568	3	0	0	No	NA	NA	NA	NA	NA	NA	NA	NA
contig_242	2335	5	1	0	No	NA	NA	NA	NA	NA	NA	NA	NA
contig_243	8981	13	0	0	No	NA	NA	NA	NA	NA	NA	NA	NA
contig_246	31026	60	17	0	No	NA	NA	NA	NA	NA	NA	NA	NA
contig_249	7275	18	2	0	No	NA	NA	NA	NA	NA	NA	NA	NA
contig_250	9488	21	1	0	No	NA	NA	NA	NA	NA	NA	NA	NA
contig_251	2500	3	1	0	No	NA	NA	NA	NA	NA	NA	NA	NA
contig_252	5217	4	1	0	No	NA	NA	NA	NA	NA	NA	NA	NA
contig_253	14598	27	7	0	No	NA	NA	NA	NA	NA	NA	NA	NA
contig_254	9318	15	2	0	No	NA	NA	NA	NA	NA	NA	NA	NA
contig_255	4157	6	0	0	No	NA	NA	NA	NA	NA	NA	NA	NA
contig_256	29740	43	4	0	No	NA	NA	NA	NA	NA	NA	NA	NA
contig_257	14699	15	4	0	No	NA	NA	NA	NA	NA	NA	NA	NA
contig_260	39070	69	1	0	No	NA	NA	NA	NA	NA	NA	NA	NA
contig_263	4455	6	0	0	No	NA	NA	NA	NA	NA	NA	NA	NA
contig_264	15476	36	3	0	No	NA	NA	NA	NA	NA	NA	NA	NA
contig_265	14074	23	5	0	No	NA	NA	NA	NA	NA	NA	NA	NA
contig_266	14299	22	5	0	No	NA	NA	NA	NA	NA	NA	NA	NA
contig_267	62774	122	20	0	No	NA	NA	NA	NA	NA	NA	NA	NA
contig_268	30576	55	15	0	No	NA	NA	NA	NA	NA	NA	NA	NA
contig_270	10582	22	2	0	No	NA	NA	NA	NA	NA	NA	NA	NA
contig_271	35503	70	16	0	No	NA	NA	NA	NA	NA	NA	NA	NA
contig_274	13946	21	6	0	No	NA	NA	NA	NA	NA	NA	NA	NA
contig_28	1850	4	0	0	No	NA	NA	NA	NA	NA	NA	NA	NA
contig_281	5354	13	3	0	No	NA	NA	NA	NA	NA	NA	NA	NA
contig_282	2053	4	1	0	No	NA	NA	NA	NA	NA	NA	NA	NA
contig_283	13311	31	6	0	No	NA	NA	NA	NA	NA	NA	NA	NA
contig_284	24436	45	4	0	No	NA	NA	NA	NA	NA	NA	NA	NA
contig_285	29409	50	13	0	No	NA	NA	NA	NA	NA	NA	NA	NA
contig_286	14288	33	5	0	No	NA	NA	NA	NA	NA	NA	NA	NA
contig_287	3045	3	0	0	No	NA	NA	NA	NA	NA	NA	NA	NA
contig_288	20192	32	14	0	No	NA	NA	NA	NA	NA	NA	NA	NA
contig_29	1797	3	1	0	No	NA	NA	NA	NA	NA	NA	NA	NA
contig_292	15361	21	14	0	No	NA	NA	NA	NA	NA	NA	NA	NA
contig_293	1295	2	0	0	No	NA	NA	NA	NA	NA	NA	NA	NA
contig_294	3609	8	0	0	No	NA	NA	NA	NA	NA	NA	NA	NA
contig_295	3987	6	1	0	No	NA	NA	NA	NA	NA	NA	NA	NA
contig_296	16336	18	4	0	No	NA	NA	NA	NA	NA	NA	NA	NA
contig_297	12257	27	5	0	No	NA	NA	NA	NA	NA	NA	NA	NA
contig_298	24522	40	6	0	No	NA	NA	NA	NA	NA	NA	NA	NA
contig_299	4634	11	0	0	No	NA	NA	NA	NA	NA	NA	NA	NA
contig_3	1333	1	0	0	No	NA	NA	NA	NA	NA	NA	NA	NA
contig_30	2187	5	0	0	No	NA	NA	NA	NA	NA	NA	NA	NA
contig_302	13036	30	4	0	No	NA	NA	NA	NA	NA	NA	NA	NA
contig_303	12736	30	5	0	No	NA	NA	NA	NA	NA	NA	NA	NA
contig_304	15161	27	3	0	No	NA	NA	NA	NA	NA	NA	NA	NA
contig_305	12285	26	1	2	No	NA	NA	NA	NA	NA	NA	NA	NA
contig_306	3484	8	2	0	No	NA	NA	NA	NA	NA	NA	NA	NA
contig_308	29995	59	5	1	No	NA	NA	NA	NA	NA	NA	NA	NA
contig_31	2748	9	0	0	No	NA	NA	NA	NA	NA	NA	NA	NA
contig_312	3447	6	0	0	No	NA	NA	NA	NA	NA	NA	NA	NA
contig_316	38647	55	15	0	No	NA	NA	NA	NA	NA	NA	NA	NA
contig_32	11727	24	4	0	No	NA	NA	NA	NA	NA	NA	NA	NA
contig_327	28676	64	15	0	No	NA	NA	NA	NA	NA	NA	NA	NA
contig_328	4180	9	5	0	No	NA	NA	NA	NA	NA	NA	NA	NA
contig_329	991	1	1	0	No	NA	NA	NA	NA	NA	NA	NA	NA
contig_33	691	1	0	0	No	NA	NA	NA	NA	NA	NA	NA	NA
contig_330	3759	10	5	0	No	NA	NA	NA	NA	NA	NA	NA	NA
contig_332	3247	3	2	0	No	NA	NA	NA	NA	NA	NA	NA	NA
contig_333	3191	4	2	0	No	NA	NA	NA	NA	NA	NA	NA	NA
contig_334	1665	3	1	0	No	NA	NA	NA	NA	NA	NA	NA	NA
contig_335	2795	6	1	0	No	NA	NA	NA	NA	NA	NA	NA	NA
contig_336	2588	4	2	0	No	NA	NA	NA	NA	NA	NA	NA	NA
contig_339	36638	42	3	0	No	NA	NA	NA	NA	NA	NA	NA	NA
contig_34	2340	6	1	0	No	NA	NA	NA	NA	NA	NA	NA	NA
contig_342	33547	63	10	0	No	NA	NA	NA	NA	NA	NA	NA	NA
contig_343	15154	20	6	0	No	NA	NA	NA	NA	NA	NA	NA	NA
contig_344	28726	44	11	0	No	NA	NA	NA	NA	NA	NA	NA	NA
contig_345	9365	21	0	0	No	NA	NA	NA	NA	NA	NA	NA	NA
contig_346	17307	19	5	0	No	NA	NA	NA	NA	NA	NA	NA	NA
contig_347	8386	15	0	0	No	NA	NA	NA	NA	NA	NA	NA	NA
contig_348	7144	14	1	0	No	NA	NA	NA	NA	NA	NA	NA	NA
contig_349	2120	3	1	0	No	NA	NA	NA	NA	NA	NA	NA	NA
contig_350	1372	3	1	0	No	NA	NA	NA	NA	NA	NA	NA	NA
contig_351	3579	7	1	0	No	NA	NA	NA	NA	NA	NA	NA	NA
contig_352	11774	19	1	0	No	NA	NA	NA	NA	NA	NA	NA	NA
contig_353	5214	11	0	0	No	NA	NA	NA	NA	NA	NA	NA	NA
contig_354	4690	8	0	0	No	NA	NA	NA	NA	NA	NA	NA	NA
contig_356	3425	2	0	0	No	NA	NA	NA	NA	NA	NA	NA	NA
contig_36	24306	57	11	0	No	NA	NA	NA	NA	NA	NA	NA	NA
contig_37	7144	14	1	0	No	NA	NA	NA	NA	NA	NA	NA	NA
contig_372	3163	7	4	0	No	NA	NA	NA	NA	NA	NA	NA	NA
contig_373	10204	23	2	0	No	NA	NA	NA	NA	NA	NA	NA	NA
contig_374	3176	6	3	0	No	NA	NA	NA	NA	NA	NA	NA	NA
contig_375	10927	9	0	0	No	NA	NA	NA	NA	NA	NA	NA	NA
contig_376	7958	13	3	0	No	NA	NA	NA	NA	NA	NA	NA	NA
contig_377	15428	20	2	0	No	NA	NA	NA	NA	NA	NA	NA	NA
contig_38	12394	23	2	0	No	NA	NA	NA	NA	NA	NA	NA	NA
contig_380	38690	58	8	0	No	NA	NA	NA	NA	NA	NA	NA	NA
contig_381	11931	22	5	0	No	NA	NA	NA	NA	NA	NA	NA	NA
contig_382	36833	70	6	0	No	NA	NA	NA	NA	NA	NA	NA	NA
contig_383	62193	103	15	0	No	NA	NA	NA	NA	NA	NA	NA	NA
contig_384	12805	19	1	0	No	NA	NA	NA	NA	NA	NA	NA	NA
contig_385	11302	17	1	0	No	NA	NA	NA	NA	NA	NA	NA	NA
contig_387	6339	13	0	0	No	NA	NA	NA	NA	NA	NA	NA	NA
contig_388	15332	31	5	0	No	NA	NA	NA	NA	NA	NA	NA	NA
contig_389	12304	28	2	0	No	NA	NA	NA	NA	NA	NA	NA	NA
contig_39	8163	21	2	0	No	NA	NA	NA	NA	NA	NA	NA	NA
contig_390	785	2	0	0	No	NA	NA	NA	NA	NA	NA	NA	NA
contig_392	9872	23	1	0	No	NA	NA	NA	NA	NA	NA	NA	NA
contig_393	10348	18	2	0	No	NA	NA	NA	NA	NA	NA	NA	NA
contig_394	8946	18	3	0	No	NA	NA	NA	NA	NA	NA	NA	NA
contig_395	15216	26	4	0	No	NA	NA	NA	NA	NA	NA	NA	NA
contig_396	5282	9	0	0	No	NA	NA	NA	NA	NA	NA	NA	NA
contig_398	14834	22	3	0	No	NA	NA	NA	NA	NA	NA	NA	NA
contig_399	10318	21	2	0	No	NA	NA	NA	NA	NA	NA	NA	NA
contig_4	2497	4	1	0	No	NA	NA	NA	NA	NA	NA	NA	NA
contig_400	15595	17	0	0	No	NA	NA	NA	NA	NA	NA	NA	NA
contig_401	12604	23	5	0	No	NA	NA	NA	NA	NA	NA	NA	NA
contig_402	1452	1	0	0	No	NA	NA	NA	NA	NA	NA	NA	NA
contig_403	6661	14	1	0	No	NA	NA	NA	NA	NA	NA	NA	NA
contig_404	4650	6	1	0	No	NA	NA	NA	NA	NA	NA	NA	NA
contig_41	9161	17	4	0	No	NA	NA	NA	NA	NA	NA	NA	NA
contig_411	2377	7	0	0	No	NA	NA	NA	NA	NA	NA	NA	NA
contig_412	25935	40	7	0	No	NA	NA	NA	NA	NA	NA	NA	NA
contig_413	33462	50	22	0	No	NA	NA	NA	NA	NA	NA	NA	NA
contig_415	6419	14	0	0	No	NA	NA	NA	NA	NA	NA	NA	NA
contig_416	25060	45	16	0	No	NA	NA	NA	NA	NA	NA	NA	NA
contig_417	11917	16	1	0	No	NA	NA	NA	NA	NA	NA	NA	NA
contig_418	4856	4	0	0	No	NA	NA	NA	NA	NA	NA	NA	NA
contig_419	2650	7	0	1	No	NA	NA	NA	NA	NA	NA	NA	NA
contig_420	9728	19	7	0	No	NA	NA	NA	NA	NA	NA	NA	NA
contig_421	34608	65	10	0	No	NA	NA	NA	NA	NA	NA	NA	NA
contig_423	1612	6	0	0	No	NA	NA	NA	NA	NA	NA	NA	NA
contig_424	42208	55	14	1	No	NA	NA	NA	NA	NA	NA	NA	NA
contig_425	18912	34	1	0	No	NA	NA	NA	NA	NA	NA	NA	NA
contig_426	24888	39	4	0	No	NA	NA	NA	NA	NA	NA	NA	NA
contig_427	3275	4	0	0	No	NA	NA	NA	NA	NA	NA	NA	NA
contig_428	14469	34	4	0	No	NA	NA	NA	NA	NA	NA	NA	NA
contig_429	10268	16	2	0	No	NA	NA	NA	NA	NA	NA	NA	NA
contig_434	56443	107	34	0	No	NA	NA	NA	NA	NA	NA	NA	NA
contig_436	6617	18	2	0	No	NA	NA	NA	NA	NA	NA	NA	NA
contig_437	38470	71	9	0	No	NA	NA	NA	NA	NA	NA	NA	NA
contig_438	14136	22	3	0	No	NA	NA	NA	NA	NA	NA	NA	NA
contig_439	4912	7	2	0	No	NA	NA	NA	NA	NA	NA	NA	NA
contig_440	2672	6	0	0	No	NA	NA	NA	NA	NA	NA	NA	NA
contig_441	1678	3	2	0	No	NA	NA	NA	NA	NA	NA	NA	NA
contig_442	11556	21	4	0	No	NA	NA	NA	NA	NA	NA	NA	NA
contig_443	19928	34	6	0	No	NA	NA	NA	NA	NA	NA	NA	NA
contig_444	1337	3	1	0	No	NA	NA	NA	NA	NA	NA	NA	NA
contig_445	5999	14	0	0	No	NA	NA	NA	NA	NA	NA	NA	NA
contig_447	44035	92	8	0	No	NA	NA	NA	NA	NA	NA	NA	NA
contig_448	2389	6	2	0	No	NA	NA	NA	NA	NA	NA	NA	NA
contig_450	1967	3	0	0	No	NA	NA	NA	NA	NA	NA	NA	NA
contig_452	1464	3	0	0	No	NA	NA	NA	NA	NA	NA	NA	NA
contig_455	5671	13	0	0	No	NA	NA	NA	NA	NA	NA	NA	NA
contig_456	4964	7	1	0	No	NA	NA	NA	NA	NA	NA	NA	NA
contig_457	7826	14	1	0	No	NA	NA	NA	NA	NA	NA	NA	NA
contig_458	1542	4	1	0	No	NA	NA	NA	NA	NA	NA	NA	NA
contig_459	1169	1	0	0	No	NA	NA	NA	NA	NA	NA	NA	NA
contig_461	17655	30	0	0	No	NA	NA	NA	NA	NA	NA	NA	NA
contig_462	15952	21	4	0	No	NA	NA	NA	NA	NA	NA	NA	NA
contig_463	9572	24	2	0	No	NA	NA	NA	NA	NA	NA	NA	NA
contig_464	15280	25	5	0	No	NA	NA	NA	NA	NA	NA	NA	NA
contig_465	11879	17	6	0	No	NA	NA	NA	NA	NA	NA	NA	NA
contig_466	15678	29	3	0	No	NA	NA	NA	NA	NA	NA	NA	NA
contig_467	1324	2	0	0	No	NA	NA	NA	NA	NA	NA	NA	NA
contig_468	15542	28	2	0	No	NA	NA	NA	NA	NA	NA	NA	NA
contig_469	13802	28	3	0	No	NA	NA	NA	NA	NA	NA	NA	NA
contig_47	3318	7	3	0	No	NA	NA	NA	NA	NA	NA	NA	NA
contig_470	3598	6	0	0	No	NA	NA	NA	NA	NA	NA	NA	NA
contig_471	2242	4	0	0	No	NA	NA	NA	NA	NA	NA	NA	NA
contig_472	3208	3	1	0	No	NA	NA	NA	NA	NA	NA	NA	NA
contig_473	39757	68	23	0	No	NA	NA	NA	NA	NA	NA	NA	NA
contig_480	17259	37	9	0	No	NA	NA	NA	NA	NA	NA	NA	NA
contig_481	19750	30	7	0	No	NA	NA	NA	NA	NA	NA	NA	NA
contig_482	2339	4	1	0	No	NA	NA	NA	NA	NA	NA	NA	NA
contig_483	23552	43	12	0	No	NA	NA	NA	NA	NA	NA	NA	NA
contig_484	2803	6	0	0	No	NA	NA	NA	NA	NA	NA	NA	NA
contig_485	11207	22	2	0	No	NA	NA	NA	NA	NA	NA	NA	NA
contig_486	4717	12	1	0	No	NA	NA	NA	NA	NA	NA	NA	NA
contig_487	11298	20	1	0	No	NA	NA	NA	NA	NA	NA	NA	NA
contig_488	12568	28	3	0	No	NA	NA	NA	NA	NA	NA	NA	NA
contig_489	4881	10	1	0	No	NA	NA	NA	NA	NA	NA	NA	NA
contig_49	7117	16	1	0	No	NA	NA	NA	NA	NA	NA	NA	NA
contig_490	40487	63	9	1	No	NA	NA	NA	NA	NA	NA	NA	NA
contig_491	17903	23	12	0	No	NA	NA	NA	NA	NA	NA	NA	NA
contig_492	38498	77	15	0	No	NA	NA	NA	NA	NA	NA	NA	NA
contig_493	16876	44	9	0	No	NA	NA	NA	NA	NA	NA	NA	NA
contig_494	1350	3	1	0	No	NA	NA	NA	NA	NA	NA	NA	NA
contig_496	775	1	0	0	No	NA	NA	NA	NA	NA	NA	NA	NA
contig_497	683	2	0	0	No	NA	NA	NA	NA	NA	NA	NA	NA
contig_5	21271	28	2	0	No	NA	NA	NA	NA	NA	NA	NA	NA
contig_50	7708	15	3	0	No	NA	NA	NA	NA	NA	NA	NA	NA
contig_500	2260	4	2	0	No	NA	NA	NA	NA	NA	NA	NA	NA
contig_501	15247	32	3	0	No	NA	NA	NA	NA	NA	NA	NA	NA
contig_503	6583	13	2	0	No	NA	NA	NA	NA	NA	NA	NA	NA
contig_504	16053	22	2	0	No	NA	NA	NA	NA	NA	NA	NA	NA
contig_505	4351	6	4	0	No	NA	NA	NA	NA	NA	NA	NA	NA
contig_506	15729	31	0	0	No	NA	NA	NA	NA	NA	NA	NA	NA
contig_507	10675	22	2	0	No	NA	NA	NA	NA	NA	NA	NA	NA
contig_508	11642	13	0	0	No	NA	NA	NA	NA	NA	NA	NA	NA
contig_51	6316	12	1	0	No	NA	NA	NA	NA	NA	NA	NA	NA
contig_510	2613	8	1	0	No	NA	NA	NA	NA	NA	NA	NA	NA
contig_511	34032	60	18	0	No	NA	NA	NA	NA	NA	NA	NA	NA
contig_514	15976	33	4	0	No	NA	NA	NA	NA	NA	NA	NA	NA
contig_515	25675	42	6	0	No	NA	NA	NA	NA	NA	NA	NA	NA
contig_518	2630	7	4	0	No	NA	NA	NA	NA	NA	NA	NA	NA
contig_519	40515	77	12	0	No	NA	NA	NA	NA	NA	NA	NA	NA
contig_52	3310	6	0	0	No	NA	NA	NA	NA	NA	NA	NA	NA
contig_521	8060	17	6	0	No	NA	NA	NA	NA	NA	NA	NA	NA
contig_522	28058	49	11	0	No	NA	NA	NA	NA	NA	NA	NA	NA
contig_523	17570	36	0	0	No	NA	NA	NA	NA	NA	NA	NA	NA
contig_526	1645	3	2	0	No	NA	NA	NA	NA	NA	NA	NA	NA
contig_527	1751	2	0	0	No	NA	NA	NA	NA	NA	NA	NA	NA
contig_528	13278	24	4	0	No	NA	NA	NA	NA	NA	NA	NA	NA
contig_529	7042	15	2	0	No	NA	NA	NA	NA	NA	NA	NA	NA
contig_53	4292	9	5	0	No	NA	NA	NA	NA	NA	NA	NA	NA
contig_530	8617	16	1	0	No	NA	NA	NA	NA	NA	NA	NA	NA
contig_531	35272	64	15	0	No	NA	NA	NA	NA	NA	NA	NA	NA
contig_536	34338	59	12	0	No	NA	NA	NA	NA	NA	NA	NA	NA
contig_538	6187	14	1	1	No	NA	NA	NA	NA	NA	NA	NA	NA
contig_539	27353	49	12	0	No	NA	NA	NA	NA	NA	NA	NA	NA
contig_540	9524	18	1	0	No	NA	NA	NA	NA	NA	NA	NA	NA
contig_541	3274	8	2	0	No	NA	NA	NA	NA	NA	NA	NA	NA
contig_543	36904	81	13	0	No	NA	NA	NA	NA	NA	NA	NA	NA
contig_544	2546	3	1	0	No	NA	NA	NA	NA	NA	NA	NA	NA
contig_545	1186	2	2	0	No	NA	NA	NA	NA	NA	NA	NA	NA
contig_546	27902	60	13	0	No	NA	NA	NA	NA	NA	NA	NA	NA
contig_547	8426	22	5	0	No	NA	NA	NA	NA	NA	NA	NA	NA
contig_548	3070	7	2	0	No	NA	NA	NA	NA	NA	NA	NA	NA
contig_549	16570	26	5	0	No	NA	NA	NA	NA	NA	NA	NA	NA
contig_55	8222	15	1	0	No	NA	NA	NA	NA	NA	NA	NA	NA
contig_550	18386	27	0	0	No	NA	NA	NA	NA	NA	NA	NA	NA
contig_551	25014	46	18	0	No	NA	NA	NA	NA	NA	NA	NA	NA
contig_552	6723	10	2	0	No	NA	NA	NA	NA	NA	NA	NA	NA
contig_553	37946	58	9	1	No	NA	NA	NA	NA	NA	NA	NA	NA
contig_554	2339	4	0	0	No	NA	NA	NA	NA	NA	NA	NA	NA
contig_555	26083	48	11	0	No	NA	NA	NA	NA	NA	NA	NA	NA
contig_556	10102	20	5	0	No	NA	NA	NA	NA	NA	NA	NA	NA
contig_557	14916	34	4	0	No	NA	NA	NA	NA	NA	NA	NA	NA
contig_558	13811	20	9	0	No	NA	NA	NA	NA	NA	NA	NA	NA
contig_559	8868	22	2	0	No	NA	NA	NA	NA	NA	NA	NA	NA
contig_560	21000	42	5	0	No	NA	NA	NA	NA	NA	NA	NA	NA
contig_561	2877	4	1	0	No	NA	NA	NA	NA	NA	NA	NA	NA
contig_562	6358	11	5	0	No	NA	NA	NA	NA	NA	NA	NA	NA
contig_564	1348	1	0	0	No	NA	NA	NA	NA	NA	NA	NA	NA
contig_565	2844	5	0	0	No	NA	NA	NA	NA	NA	NA	NA	NA
contig_566	12458	28	4	0	No	NA	NA	NA	NA	NA	NA	NA	NA
contig_568	19502	26	5	0	No	NA	NA	NA	NA	NA	NA	NA	NA
contig_571	2968	5	0	0	No	NA	NA	NA	NA	NA	NA	NA	NA
contig_572	21856	26	1	0	No	NA	NA	NA	NA	NA	NA	NA	NA
contig_573	14293	27	13	0	No	NA	NA	NA	NA	NA	NA	NA	NA
contig_574	20624	42	5	0	No	NA	NA	NA	NA	NA	NA	NA	NA
contig_575	2695	5	0	0	No	NA	NA	NA	NA	NA	NA	NA	NA
contig_576	37416	59	18	0	No	NA	NA	NA	NA	NA	NA	NA	NA
contig_577	17673	47	5	0	No	NA	NA	NA	NA	NA	NA	NA	NA
contig_578	4407	7	1	0	No	NA	NA	NA	NA	NA	NA	NA	NA
contig_579	7293	17	2	0	No	NA	NA	NA	NA	NA	NA	NA	NA
contig_58	85038	169	64	0	No	NA	NA	NA	NA	NA	NA	NA	NA
contig_580	4331	12	1	0	No	NA	NA	NA	NA	NA	NA	NA	NA
contig_581	3075	4	1	0	No	NA	NA	NA	NA	NA	NA	NA	NA
contig_582	25252	56	10	0	No	NA	NA	NA	NA	NA	NA	NA	NA
contig_583	9643	12	0	0	No	NA	NA	NA	NA	NA	NA	NA	NA
contig_584	14106	23	3	0	No	NA	NA	NA	NA	NA	NA	NA	NA
contig_585	2064	7	1	0	No	NA	NA	NA	NA	NA	NA	NA	NA
contig_586	2609	4	1	0	No	NA	NA	NA	NA	NA	NA	NA	NA
contig_587	10462	23	2	0	No	NA	NA	NA	NA	NA	NA	NA	NA
contig_588	4451	9	0	0	No	NA	NA	NA	NA	NA	NA	NA	NA
contig_589	4595	12	0	0	No	NA	NA	NA	NA	NA	NA	NA	NA
contig_59	4425	9	1	0	No	NA	NA	NA	NA	NA	NA	NA	NA
contig_590	7285	11	2	0	No	NA	NA	NA	NA	NA	NA	NA	NA
contig_591	16927	25	4	0	No	NA	NA	NA	NA	NA	NA	NA	NA
contig_592	2352	3	1	0	No	NA	NA	NA	NA	NA	NA	NA	NA
contig_593	37748	81	13	0	No	NA	NA	NA	NA	NA	NA	NA	NA
contig_594	10347	19	2	0	No	NA	NA	NA	NA	NA	NA	NA	NA
contig_595	18280	30	8	0	No	NA	NA	NA	NA	NA	NA	NA	NA
contig_596	47077	85	32	0	No	NA	NA	NA	NA	NA	NA	NA	NA
contig_597	12689	25	1	0	No	NA	NA	NA	NA	NA	NA	NA	NA
contig_598	32306	73	4	0	No	NA	NA	NA	NA	NA	NA	NA	NA
contig_599	20781	49	2	0	No	NA	NA	NA	NA	NA	NA	NA	NA
contig_6	14478	28	0	0	No	NA	NA	NA	NA	NA	NA	NA	NA
contig_60	13569	20	5	0	No	NA	NA	NA	NA	NA	NA	NA	NA
contig_600	8578	18	1	0	No	NA	NA	NA	NA	NA	NA	NA	NA
contig_601	85375	121	41	0	No	NA	NA	NA	NA	NA	NA	NA	NA
contig_604	2291	5	0	0	No	NA	NA	NA	NA	NA	NA	NA	NA
contig_605	1158	4	0	0	No	NA	NA	NA	NA	NA	NA	NA	NA
contig_606	3150	3	0	0	No	NA	NA	NA	NA	NA	NA	NA	NA
contig_607	5238	8	4	0	No	NA	NA	NA	NA	NA	NA	NA	NA
contig_608	21620	37	3	0	No	NA	NA	NA	NA	NA	NA	NA	NA
contig_609	4809	9	2	0	No	NA	NA	NA	NA	NA	NA	NA	NA
contig_61	3640	6	1	0	No	NA	NA	NA	NA	NA	NA	NA	NA
contig_611	22061	42	7	0	No	NA	NA	NA	NA	NA	NA	NA	NA
contig_612	34627	52	6	0	No	NA	NA	NA	NA	NA	NA	NA	NA
contig_613	15491	30	1	0	No	NA	NA	NA	NA	NA	NA	NA	NA
contig_614	24770	38	3	5	Yes	10163	14607	viral,host	10163,14607	1-10163,10164-24770	1-16,17-38	3,0	0,5
contig_615	8044	9	2	0	No	NA	NA	NA	NA	NA	NA	NA	NA
contig_616	4746	10	1	0	No	NA	NA	NA	NA	NA	NA	NA	NA
contig_617	4931	11	0	0	No	NA	NA	NA	NA	NA	NA	NA	NA
contig_62	5181	9	1	0	No	NA	NA	NA	NA	NA	NA	NA	NA
contig_625	4424	8	0	0	No	NA	NA	NA	NA	NA	NA	NA	NA
contig_626	2233	4	0	0	No	NA	NA	NA	NA	NA	NA	NA	NA
contig_628	10170	20	1	0	No	NA	NA	NA	NA	NA	NA	NA	NA
contig_629	4244	9	1	0	No	NA	NA	NA	NA	NA	NA	NA	NA
contig_63	9984	16	0	1	No	NA	NA	NA	NA	NA	NA	NA	NA
contig_632	33695	73	9	0	No	NA	NA	NA	NA	NA	NA	NA	NA
contig_633	14563	28	3	0	No	NA	NA	NA	NA	NA	NA	NA	NA
contig_634	2854	8	1	0	No	NA	NA	NA	NA	NA	NA	NA	NA
contig_635	2870	8	1	0	No	NA	NA	NA	NA	NA	NA	NA	NA
contig_636	8514	4	1	0	No	NA	NA	NA	NA	NA	NA	NA	NA
contig_637	1133	2	0	0	No	NA	NA	NA	NA	NA	NA	NA	NA
contig_638	6603	10	0	0	No	NA	NA	NA	NA	NA	NA	NA	NA
contig_639	3965	8	0	0	No	NA	NA	NA	NA	NA	NA	NA	NA
contig_64	6623	11	2	0	No	NA	NA	NA	NA	NA	NA	NA	NA
contig_640	4378	9	0	0	No	NA	NA	NA	NA	NA	NA	NA	NA
contig_642	10666	17	1	0	No	NA	NA	NA	NA	NA	NA	NA	NA
contig_643	10989	20	0	0	No	NA	NA	NA	NA	NA	NA	NA	NA
contig_644	72339	120	21	0	No	NA	NA	NA	NA	NA	NA	NA	NA
contig_645	21783	47	1	0	No	NA	NA	NA	NA	NA	NA	NA	NA
contig_646	28667	41	11	0	No	NA	NA	NA	NA	NA	NA	NA	NA
contig_65	8311	19	1	0	No	NA	NA	NA	NA	NA	NA	NA	NA
contig_650	12002	18	9	0	No	NA	NA	NA	NA	NA	NA	NA	NA
contig_653	13188	26	2	0	No	NA	NA	NA	NA	NA	NA	NA	NA
contig_654	14835	27	1	0	No	NA	NA	NA	NA	NA	NA	NA	NA
contig_655	3240	8	0	0	No	NA	NA	NA	NA	NA	NA	NA	NA
contig_656	10282	22	6	0	No	NA	NA	NA	NA	NA	NA	NA	NA
contig_657	2576	6	2	0	No	NA	NA	NA	NA	NA	NA	NA	NA
contig_658	22565	34	2	0	No	NA	NA	NA	NA	NA	NA	NA	NA
contig_659	13590	28	1	0	No	NA	NA	NA	NA	NA	NA	NA	NA
contig_66	36915	52	5	0	No	NA	NA	NA	NA	NA	NA	NA	NA
contig_663	6040	12	3	0	No	NA	NA	NA	NA	NA	NA	NA	NA
contig_664	7347	20	1	0	No	NA	NA	NA	NA	NA	NA	NA	NA
contig_665	4746	7	0	0	No	NA	NA	NA	NA	NA	NA	NA	NA
contig_666	4171	5	1	0	No	NA	NA	NA	NA	NA	NA	NA	NA
contig_669	23164	41	5	1	No	NA	NA	NA	NA	NA	NA	NA	NA
contig_670	10936	19	5	0	No	NA	NA	NA	NA	NA	NA	NA	NA
contig_671	11576	25	6	0	No	NA	NA	NA	NA	NA	NA	NA	NA
contig_672	8944	20	2	0	No	NA	NA	NA	NA	NA	NA	NA	NA
contig_673	21726	45	2	0	No	NA	NA	NA	NA	NA	NA	NA	NA
contig_676	28407	44	16	0	No	NA	NA	NA	NA	NA	NA	NA	NA
contig_677	6655	11	3	0	No	NA	NA	NA	NA	NA	NA	NA	NA
contig_678	2724	10	1	0	No	NA	NA	NA	NA	NA	NA	NA	NA
contig_679	6880	14	4	0	No	NA	NA	NA	NA	NA	NA	NA	NA
contig_68	6717	13	1	0	No	NA	NA	NA	NA	NA	NA	NA	NA
contig_680	23059	35	6	0	No	NA	NA	NA	NA	NA	NA	NA	NA
contig_683	15015	28	2	0	No	NA	NA	NA	NA	NA	NA	NA	NA
contig_684	12591	26	2	0	No	NA	NA	NA	NA	NA	NA	NA	NA
contig_687	3304	8	1	0	No	NA	NA	NA	NA	NA	NA	NA	NA
contig_688	2656	8	2	0	No	NA	NA	NA	NA	NA	NA	NA	NA
contig_69	5598	9	0	0	No	NA	NA	NA	NA	NA	NA	NA	NA
contig_692	11044	18	0	0	No	NA	NA	NA	NA	NA	NA	NA	NA
contig_696	14063	22	0	0	No	NA	NA	NA	NA	NA	NA	NA	NA
contig_697	2236	4	0	0	No	NA	NA	NA	NA	NA	NA	NA	NA
contig_698	17256	44	5	0	No	NA	NA	NA	NA	NA	NA	NA	NA
contig_699	13274	20	2	0	No	NA	NA	NA	NA	NA	NA	NA	NA
contig_7	12441	21	0	0	No	NA	NA	NA	NA	NA	NA	NA	NA
contig_70	7600	21	1	0	No	NA	NA	NA	NA	NA	NA	NA	NA
contig_700	7365	14	4	0	No	NA	NA	NA	NA	NA	NA	NA	NA
contig_701	28136	40	11	0	No	NA	NA	NA	NA	NA	NA	NA	NA
contig_702	7153	10	2	0	No	NA	NA	NA	NA	NA	NA	NA	NA
contig_703	10797	20	3	0	No	NA	NA	NA	NA	NA	NA	NA	NA
contig_704	11613	21	1	0	No	NA	NA	NA	NA	NA	NA	NA	NA
contig_705	22747	40	5	0	No	NA	NA	NA	NA	NA	NA	NA	NA
contig_706	5336	9	0	0	No	NA	NA	NA	NA	NA	NA	NA	NA
contig_707	4530	6	2	0	No	NA	NA	NA	NA	NA	NA	NA	NA
contig_708	49001	93	3	3	No	NA	NA	NA	NA	NA	NA	NA	NA
contig_709	4643	8	2	0	No	NA	NA	NA	NA	NA	NA	NA	NA
contig_71	6969	14	1	0	No	NA	NA	NA	NA	NA	NA	NA	NA
contig_711	2476	4	0	0	No	NA	NA	NA	NA	NA	NA	NA	NA
contig_712	1613	6	0	0	No	NA	NA	NA	NA	NA	NA	NA	NA
contig_713	30202	47	6	0	No	NA	NA	NA	NA	NA	NA	NA	NA
contig_714	5076	7	2	0	No	NA	NA	NA	NA	NA	NA	NA	NA
contig_715	2813	8	0	0	No	NA	NA	NA	NA	NA	NA	NA	NA
contig_718	13809	21	3	0	No	NA	NA	NA	NA	NA	NA	NA	NA
contig_719	11104	21	4	0	No	NA	NA	NA	NA	NA	NA	NA	NA
contig_720	14626	27	8	0	No	NA	NA	NA	NA	NA	NA	NA	NA
contig_723	2420	2	1	0	No	NA	NA	NA	NA	NA	NA	NA	NA
contig_724	5064	10	3	0	No	NA	NA	NA	NA	NA	NA	NA	NA
contig_725	1627	2	0	0	No	NA	NA	NA	NA	NA	NA	NA	NA
contig_726	8800	20	1	0	No	NA	NA	NA	NA	NA	NA	NA	NA
contig_727	28532	53	3	0	No	NA	NA	NA	NA	NA	NA	NA	NA
contig_728	10737	16	0	0	No	NA	NA	NA	NA	NA	NA	NA	NA
contig_729	8111	18	0	1	No	NA	NA	NA	NA	NA	NA	NA	NA
contig_730	2456	9	0	0	No	NA	NA	NA	NA	NA	NA	NA	NA
contig_731	14719	34	8	0	No	NA	NA	NA	NA	NA	NA	NA	NA
contig_732	4636	9	1	0	No	NA	NA	NA	NA	NA	NA	NA	NA
contig_733	7642	18	2	0	No	NA	NA	NA	NA	NA	NA	NA	NA
contig_734	36814	70	15	0	No	NA	NA	NA	NA	NA	NA	NA	NA
contig_735	9170	15	4	0	No	NA	NA	NA	NA	NA	NA	NA	NA
contig_736	7654	13	4	0	No	NA	NA	NA	NA	NA	NA	NA	NA
contig_737	795	3	0	0	No	NA	NA	NA	NA	NA	NA	NA	NA
contig_738	983	2	0	0	No	NA	NA	NA	NA	NA	NA	NA	NA
contig_739	8135	9	5	0	No	NA	NA	NA	NA	NA	NA	NA	NA
contig_74	31866	43	11	0	No	NA	NA	NA	NA	NA	NA	NA	NA
contig_746	20454	29	5	0	No	NA	NA	NA	NA	NA	NA	NA	NA
contig_747	7163	15	1	0	No	NA	NA	NA	NA	NA	NA	NA	NA
contig_748	2984	7	0	0	No	NA	NA	NA	NA	NA	NA	NA	NA
contig_749	9613	21	4	0	No	NA	NA	NA	NA	NA	NA	NA	NA
contig_75	16120	27	6	0	No	NA	NA	NA	NA	NA	NA	NA	NA
contig_750	2317	3	0	0	No	NA	NA	NA	NA	NA	NA	NA	NA
contig_751	36103	41	9	0	No	NA	NA	NA	NA	NA	NA	NA	NA
contig_752	8119	23	0	0	No	NA	NA	NA	NA	NA	NA	NA	NA
contig_753	3068	8	0	0	No	NA	NA	NA	NA	NA	NA	NA	NA
contig_754	2125	2	0	0	No	NA	NA	NA	NA	NA	NA	NA	NA
contig_755	12071	17	1	0	No	NA	NA	NA	NA	NA	NA	NA	NA
contig_756	3030	7	1	0	No	NA	NA	NA	NA	NA	NA	NA	NA
contig_757	7300	19	1	0	No	NA	NA	NA	NA	NA	NA	NA	NA
contig_758	11820	23	4	0	No	NA	NA	NA	NA	NA	NA	NA	NA
contig_76	42392	66	5	0	No	NA	NA	NA	NA	NA	NA	NA	NA
contig_761	2318	4	0	0	No	NA	NA	NA	NA	NA	NA	NA	NA
contig_762	2338	2	0	0	No	NA	NA	NA	NA	NA	NA	NA	NA
contig_763	15341	30	2	0	No	NA	NA	NA	NA	NA	NA	NA	NA
contig_764	11130	26	7	0	No	NA	NA	NA	NA	NA	NA	NA	NA
contig_765	7645	22	0	0	No	NA	NA	NA	NA	NA	NA	NA	NA
contig_766	14661	25	2	0	No	NA	NA	NA	NA	NA	NA	NA	NA
contig_77	7353	13	3	0	No	NA	NA	NA	NA	NA	NA	NA	NA
contig_771	3173	9	0	0	No	NA	NA	NA	NA	NA	NA	NA	NA
contig_772	4326	10	5	0	No	NA	NA	NA	NA	NA	NA	NA	NA
contig_774	7991	14	1	0	No	NA	NA	NA	NA	NA	NA	NA	NA
contig_775	37594	60	13	0	No	NA	NA	NA	NA	NA	NA	NA	NA
contig_776	19444	34	0	0	No	NA	NA	NA	NA	NA	NA	NA	NA
contig_779	30156	59	6	0	No	NA	NA	NA	NA	NA	NA	NA	NA
contig_78	25643	43	9	0	No	NA	NA	NA	NA	NA	NA	NA	NA
contig_780	14027	15	1	0	No	NA	NA	NA	NA	NA	NA	NA	NA
contig_781	5881	12	0	0	No	NA	NA	NA	NA	NA	NA	NA	NA
contig_782	5438	9	2	0	No	NA	NA	NA	NA	NA	NA	NA	NA
contig_783	2175	3	2	0	No	NA	NA	NA	NA	NA	NA	NA	NA
contig_784	2029	5	1	0	No	NA	NA	NA	NA	NA	NA	NA	NA
contig_785	17900	32	3	0	No	NA	NA	NA	NA	NA	NA	NA	NA
contig_786	6500	16	2	0	No	NA	NA	NA	NA	NA	NA	NA	NA
contig_787	8867	15	1	0	No	NA	NA	NA	NA	NA	NA	NA	NA
contig_788	10930	19	1	0	No	NA	NA	NA	NA	NA	NA	NA	NA
contig_789	11171	21	7	0	No	NA	NA	NA	NA	NA	NA	NA	NA
contig_79	6072	9	5	0	No	NA	NA	NA	NA	NA	NA	NA	NA
contig_791	14739	17	3	0	No	NA	NA	NA	NA	NA	NA	NA	NA
contig_792	6179	12	4	0	No	NA	NA	NA	NA	NA	NA	NA	NA
contig_793	6775	8	4	0	No	NA	NA	NA	NA	NA	NA	NA	NA
contig_795	19040	31	3	1	No	NA	NA	NA	NA	NA	NA	NA	NA
contig_796	5145	7	2	0	No	NA	NA	NA	NA	NA	NA	NA	NA
contig_797	9288	19	1	0	No	NA	NA	NA	NA	NA	NA	NA	NA
contig_798	2638	4	0	0	No	NA	NA	NA	NA	NA	NA	NA	NA
contig_799	34524	41	4	0	No	NA	NA	NA	NA	NA	NA	NA	NA
contig_8	2861	3	0	0	No	NA	NA	NA	NA	NA	NA	NA	NA
contig_800	3494	6	0	0	No	NA	NA	NA	NA	NA	NA	NA	NA
contig_802	3927	10	2	0	No	NA	NA	NA	NA	NA	NA	NA	NA
contig_805	7023	16	1	0	No	NA	NA	NA	NA	NA	NA	NA	NA
contig_806	7017	12	0	0	No	NA	NA	NA	NA	NA	NA	NA	NA
contig_807	8701	10	3	0	No	NA	NA	NA	NA	NA	NA	NA	NA
contig_808	5662	11	1	0	No	NA	NA	NA	NA	NA	NA	NA	NA
contig_809	1033	2	1	0	No	NA	NA	NA	NA	NA	NA	NA	NA
contig_81	20411	41	3	0	No	NA	NA	NA	NA	NA	NA	NA	NA
contig_810	1032	2	0	0	No	NA	NA	NA	NA	NA	NA	NA	NA
contig_811	34326	66	11	0	No	NA	NA	NA	NA	NA	NA	NA	NA
contig_812	15334	22	2	0	No	NA	NA	NA	NA	NA	NA	NA	NA
contig_813	8021	17	10	0	No	NA	NA	NA	NA	NA	NA	NA	NA
contig_814	8684	12	3	0	No	NA	NA	NA	NA	NA	NA	NA	NA
contig_815	56870	108	8	0	No	NA	NA	NA	NA	NA	NA	NA	NA
contig_816	10991	20	3	0	No	NA	NA	NA	NA	NA	NA	NA	NA
contig_817	7242	14	2	0	No	NA	NA	NA	NA	NA	NA	NA	NA
contig_818	3807	10	2	0	No	NA	NA	NA	NA	NA	NA	NA	NA
contig_819	9922	16	1	0	No	NA	NA	NA	NA	NA	NA	NA	NA
contig_82	8994	10	2	0	No	NA	NA	NA	NA	NA	NA	NA	NA
contig_820	13230	20	1	0	No	NA	NA	NA	NA	NA	NA	NA	NA
contig_821	1375	1	0	0	No	NA	NA	NA	NA	NA	NA	NA	NA
contig_824	10775	16	0	0	No	NA	NA	NA	NA	NA	NA	NA	NA
contig_825	67695	115	38	0	No	NA	NA	NA	NA	NA	NA	NA	NA
contig_826	13223	26	6	0	No	NA	NA	NA	NA	NA	NA	NA	NA
contig_827	8671	17	0	0	No	NA	NA	NA	NA	NA	NA	NA	NA
contig_829	1666	1	0	0	No	NA	NA	NA	NA	NA	NA	NA	NA
contig_83	12556	24	4	0	No	NA	NA	NA	NA	NA	NA	NA	NA
contig_830	4584	13	1	0	No	NA	NA	NA	NA	NA	NA	NA	NA
contig_831	21922	48	4	0	No	NA	NA	NA	NA	NA	NA	NA	NA
contig_832	3827	8	2	0	No	NA	NA	NA	NA	NA	NA	NA	NA
contig_833	5476	12	2	1	No	NA	NA	NA	NA	NA	NA	NA	NA
contig_834	2756	3	1	0	No	NA	NA	NA	NA	NA	NA	NA	NA
contig_835	12932	16	5	0	No	NA	NA	NA	NA	NA	NA	NA	NA
contig_836	8880	14	4	0	No	NA	NA	NA	NA	NA	NA	NA	NA
contig_839	27235	56	13	0	No	NA	NA	NA	NA	NA	NA	NA	NA
contig_840	17194	30	4	0	No	NA	NA	NA	NA	NA	NA	NA	NA
contig_841	1398	1	1	0	No	NA	NA	NA	NA	NA	NA	NA	NA
contig_842	3941	7	2	0	No	NA	NA	NA	NA	NA	NA	NA	NA
contig_843	1422	2	0	0	No	NA	NA	NA	NA	NA	NA	NA	NA
contig_844	15479	26	4	0	No	NA	NA	NA	NA	NA	NA	NA	NA
contig_845	1698	5	0	0	No	NA	NA	NA	NA	NA	NA	NA	NA
contig_848	8032	13	1	0	No	NA	NA	NA	NA	NA	NA	NA	NA
contig_849	8706	13	0	0	No	NA	NA	NA	NA	NA	NA	NA	NA
contig_85	3780	9	1	0	No	NA	NA	NA	NA	NA	NA	NA	NA
contig_850	8647	15	0	0	No	NA	NA	NA	NA	NA	NA	NA	NA
contig_851	7555	13	1	0	No	NA	NA	NA	NA	NA	NA	NA	NA
contig_852	13259	21	0	0	No	NA	NA	NA	NA	NA	NA	NA	NA
contig_854	37646	68	3	0	No	NA	NA	NA	NA	NA	NA	NA	NA
contig_855	4853	8	0	0	No	NA	NA	NA	NA	NA	NA	NA	NA
contig_856	35606	70	7	1	No	NA	NA	NA	NA	NA	NA	NA	NA
contig_857	2885	3	0	0	No	NA	NA	NA	NA	NA	NA	NA	NA
contig_858	22519	40	15	0	No	NA	NA	NA	NA	NA	NA	NA	NA
contig_859	2582	5	0	0	No	NA	NA	NA	NA	NA	NA	NA	NA
contig_860	16677	27	3	0	No	NA	NA	NA	NA	NA	NA	NA	NA
contig_861	20918	31	4	0	No	NA	NA	NA	NA	NA	NA	NA	NA
contig_862	10191	20	1	0	No	NA	NA	NA	NA	NA	NA	NA	NA
contig_863	12093	24	10	0	No	NA	NA	NA	NA	NA	NA	NA	NA
contig_864	5276	12	3	0	No	NA	NA	NA	NA	NA	NA	NA	NA
contig_865	13942	20	6	0	No	NA	NA	NA	NA	NA	NA	NA	NA
contig_871	39689	60	15	0	No	NA	NA	NA	NA	NA	NA	NA	NA
contig_872	1305	3	0	0	No	NA	NA	NA	NA	NA	NA	NA	NA
contig_874	5437	10	1	0	No	NA	NA	NA	NA	NA	NA	NA	NA
contig_877	1406	2	1	0	No	NA	NA	NA	NA	NA	NA	NA	NA
contig_879	2496	5	0	0	No	NA	NA	NA	NA	NA	NA	NA	NA
contig_880	15420	29	3	0	No	NA	NA	NA	NA	NA	NA	NA	NA
contig_881	12193	23	5	0	No	NA	NA	NA	NA	NA	NA	NA	NA
contig_882	4700	6	1	0	No	NA	NA	NA	NA	NA	NA	NA	NA
contig_884	2607	6	0	0	No	NA	NA	NA	NA	NA	NA	NA	NA
contig_886	1185	3	0	0	No	NA	NA	NA	NA	NA	NA	NA	NA
contig_887	5186	9	1	0	No	NA	NA	NA	NA	NA	NA	NA	NA
contig_888	6944	12	0	0	No	NA	NA	NA	NA	NA	NA	NA	NA
contig_889	2947	6	1	0	No	NA	NA	NA	NA	NA	NA	NA	NA
contig_89	14969	27	1	0	No	NA	NA	NA	NA	NA	NA	NA	NA
contig_890	8178	19	1	0	No	NA	NA	NA	NA	NA	NA	NA	NA
contig_891	41869	72	27	0	No	NA	NA	NA	NA	NA	NA	NA	NA
contig_892	2610	4	1	0	No	NA	NA	NA	NA	NA	NA	NA	NA
contig_896	9069	13	1	0	No	NA	NA	NA	NA	NA	NA	NA	NA
contig_897	14788	20	0	0	No	NA	NA	NA	NA	NA	NA	NA	NA
contig_898	9404	16	4	0	No	NA	NA	NA	NA	NA	NA	NA	NA
contig_899	11485	24	4	0	No	NA	NA	NA	NA	NA	NA	NA	NA
contig_9	14726	24	5	0	No	NA	NA	NA	NA	NA	NA	NA	NA
contig_90	15282	31	2	0	No	NA	NA	NA	NA	NA	NA	NA	NA
contig_900	22701	42	12	0	No	NA	NA	NA	NA	NA	NA	NA	NA
contig_901	13928	27	4	0	No	NA	NA	NA	NA	NA	NA	NA	NA
contig_904	935	4	0	0	No	NA	NA	NA	NA	NA	NA	NA	NA
contig_905	2104	5	0	0	No	NA	NA	NA	NA	NA	NA	NA	NA
contig_906	2732	6	0	0	No	NA	NA	NA	NA	NA	NA	NA	NA
contig_907	26414	30	1	0	No	NA	NA	NA	NA	NA	NA	NA	NA
contig_908	8209	11	0	2	No	NA	NA	NA	NA	NA	NA	NA	NA
contig_909	23404	46	5	0	No	NA	NA	NA	NA	NA	NA	NA	NA
contig_91	12705	16	2	0	No	NA	NA	NA	NA	NA	NA	NA	NA
contig_910	14878	28	7	0	No	NA	NA	NA	NA	NA	NA	NA	NA
contig_911	13592	21	5	0	No	NA	NA	NA	NA	NA	NA	NA	NA
contig_912	1969	2	0	0	No	NA	NA	NA	NA	NA	NA	NA	NA
contig_916	605	2	1	0	No	NA	NA	NA	NA	NA	NA	NA	NA
contig_918	841	2	1	0	No	NA	NA	NA	NA	NA	NA	NA	NA
contig_919	6596	15	2	0	No	NA	NA	NA	NA	NA	NA	NA	NA
contig_92	54599	103	11	0	No	NA	NA	NA	NA	NA	NA	NA	NA
contig_920	586	2	0	0	No	NA	NA	NA	NA	NA	NA	NA	NA
contig_921	33084	57	12	0	No	NA	NA	NA	NA	NA	NA	NA	NA
contig_925	10448	13	7	0	No	NA	NA	NA	NA	NA	NA	NA	NA
contig_926	15689	28	5	0	No	NA	NA	NA	NA	NA	NA	NA	NA
contig_927	2448	7	2	0	No	NA	NA	NA	NA	NA	NA	NA	NA
contig_928	9611	14	1	0	No	NA	NA	NA	NA	NA	NA	NA	NA
contig_929	37442	67	17	0	No	NA	NA	NA	NA	NA	NA	NA	NA
contig_93	15925	41	1	0	No	NA	NA	NA	NA	NA	NA	NA	NA
contig_939	34501	68	22	0	No	NA	NA	NA	NA	NA	NA	NA	NA
contig_94	19369	34	5	0	No	NA	NA	NA	NA	NA	NA	NA	NA
contig_940	12113	14	0	0	No	NA	NA	NA	NA	NA	NA	NA	NA
contig_941	4916	10	0	1	No	NA	NA	NA	NA	NA	NA	NA	NA
contig_942	10073	14	0	0	No	NA	NA	NA	NA	NA	NA	NA	NA
contig_943	24175	40	4	0	No	NA	NA	NA	NA	NA	NA	NA	NA
contig_944	2735	6	2	0	No	NA	NA	NA	NA	NA	NA	NA	NA
contig_945	16491	14	4	0	No	NA	NA	NA	NA	NA	NA	NA	NA
contig_946	15200	27	2	0	No	NA	NA	NA	NA	NA	NA	NA	NA
contig_947	3359	6	4	0	No	NA	NA	NA	NA	NA	NA	NA	NA
contig_948	3708	10	1	0	No	NA	NA	NA	NA	NA	NA	NA	NA
contig_949	2751	6	0	0	No	NA	NA	NA	NA	NA	NA	NA	NA
contig_950	6670	10	5	0	No	NA	NA	NA	NA	NA	NA	NA	NA
contig_952	26026	36	7	0	No	NA	NA	NA	NA	NA	NA	NA	NA
contig_953	12874	21	1	0	No	NA	NA	NA	NA	NA	NA	NA	NA
contig_956	2369	5	1	0	No	NA	NA	NA	NA	NA	NA	NA	NA
contig_957	7907	12	0	0	No	NA	NA	NA	NA	NA	NA	NA	NA
contig_959	14108	25	6	0	No	NA	NA	NA	NA	NA	NA	NA	NA
contig_96	15996	29	9	0	No	NA	NA	NA	NA	NA	NA	NA	NA
contig_960	10491	10	0	0	No	NA	NA	NA	NA	NA	NA	NA	NA
contig_961	35062	59	8	0	No	NA	NA	NA	NA	NA	NA	NA	NA
contig_962	10976	27	2	0	No	NA	NA	NA	NA	NA	NA	NA	NA
contig_963	5355	13	3	0	No	NA	NA	NA	NA	NA	NA	NA	NA
contig_966	17291	36	4	0	No	NA	NA	NA	NA	NA	NA	NA	NA
contig_967	2367	5	0	0	No	NA	NA	NA	NA	NA	NA	NA	NA
contig_968	1669	2	0	0	No	NA	NA	NA	NA	NA	NA	NA	NA
contig_969	14630	28	1	0	No	NA	NA	NA	NA	NA	NA	NA	NA
contig_970	2617	6	0	0	No	NA	NA	NA	NA	NA	NA	NA	NA
contig_971	7326	10	0	0	No	NA	NA	NA	NA	NA	NA	NA	NA
contig_972	14650	29	10	0	No	NA	NA	NA	NA	NA	NA	NA	NA
contig_973	12142	20	6	0	No	NA	NA	NA	NA	NA	NA	NA	NA
contig_974	24279	33	4	0	No	NA	NA	NA	NA	NA	NA	NA	NA
contig_976	3192	10	1	0	No	NA	NA	NA	NA	NA	NA	NA	NA
contig_977	14816	25	6	0	No	NA	NA	NA	NA	NA	NA	NA	NA
contig_978	33844	62	3	0	No	NA	NA	NA	NA	NA	NA	NA	NA
contig_979	12840	20	4	0	No	NA	NA	NA	NA	NA	NA	NA	NA
contig_98	14750	32	5	0	No	NA	NA	NA	NA	NA	NA	NA	NA
contig_980	3439	7	0	0	No	NA	NA	NA	NA	NA	NA	NA	NA
contig_981	7002	14	8	0	No	NA	NA	NA	NA	NA	NA	NA	NA
contig_982	18345	32	3	0	No	NA	NA	NA	NA	NA	NA	NA	NA
contig_983	16274	28	5	0	No	NA	NA	NA	NA	NA	NA	NA	NA
contig_985	4183	10	2	0	No	NA	NA	NA	NA	NA	NA	NA	NA
contig_986	14233	22	4	0	No	NA	NA	NA	NA	NA	NA	NA	NA
contig_987	4914	11	2	0	No	NA	NA	NA	NA	NA	NA	NA	NA
contig_988	2542	4	0	0	No	NA	NA	NA	NA	NA	NA	NA	NA
contig_989	11818	14	4	0	No	NA	NA	NA	NA	NA	NA	NA	NA
contig_99	35015	62	9	1	No	NA	NA	NA	NA	NA	NA	NA	NA
contig_990	19323	29	1	0	No	NA	NA	NA	NA	NA	NA	NA	NA
contig_991	2181	1	0	0	No	NA	NA	NA	NA	NA	NA	NA	NA
contig_992	6558	15	1	0	No	NA	NA	NA	NA	NA	NA	NA	NA
contig_993	24859	59	9	0	No	NA	NA	NA	NA	NA	NA	NA	NA
contig_996	13992	22	3	0	No	NA	NA	NA	NA	NA	NA	NA	NA
contig_997	1153	3	2	0	No	NA	NA	NA	NA	NA	NA	NA	NA
contig_998	11404	22	3	0	No	NA	NA	NA	NA	NA	NA	NA	NA
contig_999	1230	2	2	0	No	NA	NA	NA	NA	NA	NA	NA	NA
